pdb_id	pdb_reference_id	sequence_label	matching_entry_key	alignment_column	rasp_query_pos	pdb_pos	rasp_base	pdb_base	match_state
1EFW	1EFW_D	sequence_000001	pdb_sequence_match|annotation_feature|annref_Y_pseudotuberculosis|NC_010465|exon:NC_010465:1248884:1248953:+|1248883|1248953|+	1	1		U	-	pdb_gap
1EFW	1EFW_D	sequence_000001	pdb_sequence_match|annotation_feature|annref_Y_pseudotuberculosis|NC_010465|exon:NC_010465:1248884:1248953:+|1248883|1248953|+	2	2	4	G	G	match
1EFW	1EFW_D	sequence_000001	pdb_sequence_match|annotation_feature|annref_Y_pseudotuberculosis|NC_010465|exon:NC_010465:1248884:1248953:+|1248883|1248953|+	3	3	5	C	C	match
1EFW	1EFW_D	sequence_000001	pdb_sequence_match|annotation_feature|annref_Y_pseudotuberculosis|NC_010465|exon:NC_010465:1248884:1248953:+|1248883|1248953|+	4	4	6	G	G	match
1EFW	1EFW_D	sequence_000001	pdb_sequence_match|annotation_feature|annref_Y_pseudotuberculosis|NC_010465|exon:NC_010465:1248884:1248953:+|1248883|1248953|+	5	5	7	G	G	match
1EFW	1EFW_D	sequence_000001	pdb_sequence_match|annotation_feature|annref_Y_pseudotuberculosis|NC_010465|exon:NC_010465:1248884:1248953:+|1248883|1248953|+	6	6	8	T	T	match
1EFW	1EFW_D	sequence_000001	pdb_sequence_match|annotation_feature|annref_Y_pseudotuberculosis|NC_010465|exon:NC_010465:1248884:1248953:+|1248883|1248953|+	7	7	9	A	A	match
1EFW	1EFW_D	sequence_000001	pdb_sequence_match|annotation_feature|annref_Y_pseudotuberculosis|NC_010465|exon:NC_010465:1248884:1248953:+|1248883|1248953|+	8	8	10	G	G	match
1EFW	1EFW_D	sequence_000001	pdb_sequence_match|annotation_feature|annref_Y_pseudotuberculosis|NC_010465|exon:NC_010465:1248884:1248953:+|1248883|1248953|+	9	9	11	T	T	match
1EFW	1EFW_D	sequence_000001	pdb_sequence_match|annotation_feature|annref_Y_pseudotuberculosis|NC_010465|exon:NC_010465:1248884:1248953:+|1248883|1248953|+	10	10	12	T	T	match
1EFW	1EFW_D	sequence_000001	pdb_sequence_match|annotation_feature|annref_Y_pseudotuberculosis|NC_010465|exon:NC_010465:1248884:1248953:+|1248883|1248953|+	11	11	13	C	C	match
1EFW	1EFW_D	sequence_000001	pdb_sequence_match|annotation_feature|annref_Y_pseudotuberculosis|NC_010465|exon:NC_010465:1248884:1248953:+|1248883|1248953|+	12	12	14	A	A	match
1EFW	1EFW_D	sequence_000001	pdb_sequence_match|annotation_feature|annref_Y_pseudotuberculosis|NC_010465|exon:NC_010465:1248884:1248953:+|1248883|1248953|+	13	13	15	G	G	match
1EFW	1EFW_D	sequence_000001	pdb_sequence_match|annotation_feature|annref_Y_pseudotuberculosis|NC_010465|exon:NC_010465:1248884:1248953:+|1248883|1248953|+	14	14	16	T	T	match
1EFW	1EFW_D	sequence_000001	pdb_sequence_match|annotation_feature|annref_Y_pseudotuberculosis|NC_010465|exon:NC_010465:1248884:1248953:+|1248883|1248953|+	15	15	17	C	C	match
1EFW	1EFW_D	sequence_000001	pdb_sequence_match|annotation_feature|annref_Y_pseudotuberculosis|NC_010465|exon:NC_010465:1248884:1248953:+|1248883|1248953|+	16	16	18	G	G	match
1EFW	1EFW_D	sequence_000001	pdb_sequence_match|annotation_feature|annref_Y_pseudotuberculosis|NC_010465|exon:NC_010465:1248884:1248953:+|1248883|1248953|+	17	17	19	G	G	match
1EFW	1EFW_D	sequence_000001	pdb_sequence_match|annotation_feature|annref_Y_pseudotuberculosis|NC_010465|exon:NC_010465:1248884:1248953:+|1248883|1248953|+	18	18	20	T	T	match
1EFW	1EFW_D	sequence_000001	pdb_sequence_match|annotation_feature|annref_Y_pseudotuberculosis|NC_010465|exon:NC_010465:1248884:1248953:+|1248883|1248953|+	19	19	21	T	T	match
1EFW	1EFW_D	sequence_000001	pdb_sequence_match|annotation_feature|annref_Y_pseudotuberculosis|NC_010465|exon:NC_010465:1248884:1248953:+|1248883|1248953|+	20	20	22	A	A	match
1EFW	1EFW_D	sequence_000001	pdb_sequence_match|annotation_feature|annref_Y_pseudotuberculosis|NC_010465|exon:NC_010465:1248884:1248953:+|1248883|1248953|+	21	21	23	G	G	match
1EFW	1EFW_D	sequence_000001	pdb_sequence_match|annotation_feature|annref_Y_pseudotuberculosis|NC_010465|exon:NC_010465:1248884:1248953:+|1248883|1248953|+	22	22	24	A	A	match
1EFW	1EFW_D	sequence_000001	pdb_sequence_match|annotation_feature|annref_Y_pseudotuberculosis|NC_010465|exon:NC_010465:1248884:1248953:+|1248883|1248953|+	23	23	25	A	A	match
1EFW	1EFW_D	sequence_000001	pdb_sequence_match|annotation_feature|annref_Y_pseudotuberculosis|NC_010465|exon:NC_010465:1248884:1248953:+|1248883|1248953|+	24	24	26	T	T	match
1EFW	1EFW_D	sequence_000001	pdb_sequence_match|annotation_feature|annref_Y_pseudotuberculosis|NC_010465|exon:NC_010465:1248884:1248953:+|1248883|1248953|+	25	25	27	A	A	match
1EFW	1EFW_D	sequence_000001	pdb_sequence_match|annotation_feature|annref_Y_pseudotuberculosis|NC_010465|exon:NC_010465:1248884:1248953:+|1248883|1248953|+	26	26	28	C	C	match
1EFW	1EFW_D	sequence_000001	pdb_sequence_match|annotation_feature|annref_Y_pseudotuberculosis|NC_010465|exon:NC_010465:1248884:1248953:+|1248883|1248953|+	27	27	29	C	C	match
1EFW	1EFW_D	sequence_000001	pdb_sequence_match|annotation_feature|annref_Y_pseudotuberculosis|NC_010465|exon:NC_010465:1248884:1248953:+|1248883|1248953|+	28	28	30	G	T	mismatch
1EFW	1EFW_D	sequence_000001	pdb_sequence_match|annotation_feature|annref_Y_pseudotuberculosis|NC_010465|exon:NC_010465:1248884:1248953:+|1248883|1248953|+	29	29	31	G	G	match
1EFW	1EFW_D	sequence_000001	pdb_sequence_match|annotation_feature|annref_Y_pseudotuberculosis|NC_010465|exon:NC_010465:1248884:1248953:+|1248883|1248953|+	30	30	32	C	C	match
1EFW	1EFW_D	sequence_000001	pdb_sequence_match|annotation_feature|annref_Y_pseudotuberculosis|NC_010465|exon:NC_010465:1248884:1248953:+|1248883|1248953|+	31	31	33	C	C	match
1EFW	1EFW_D	sequence_000001	pdb_sequence_match|annotation_feature|annref_Y_pseudotuberculosis|NC_010465|exon:NC_010465:1248884:1248953:+|1248883|1248953|+	32	32	34	T	T	match
1EFW	1EFW_D	sequence_000001	pdb_sequence_match|annotation_feature|annref_Y_pseudotuberculosis|NC_010465|exon:NC_010465:1248884:1248953:+|1248883|1248953|+	33	33	35	G	G	match
1EFW	1EFW_D	sequence_000001	pdb_sequence_match|annotation_feature|annref_Y_pseudotuberculosis|NC_010465|exon:NC_010465:1248884:1248953:+|1248883|1248953|+	34	34	36	T	T	match
1EFW	1EFW_D	sequence_000001	pdb_sequence_match|annotation_feature|annref_Y_pseudotuberculosis|NC_010465|exon:NC_010465:1248884:1248953:+|1248883|1248953|+	35	35	37	C	C	match
1EFW	1EFW_D	sequence_000001	pdb_sequence_match|annotation_feature|annref_Y_pseudotuberculosis|NC_010465|exon:NC_010465:1248884:1248953:+|1248883|1248953|+	36	36	38	A	A	match
1EFW	1EFW_D	sequence_000001	pdb_sequence_match|annotation_feature|annref_Y_pseudotuberculosis|NC_010465|exon:NC_010465:1248884:1248953:+|1248883|1248953|+	37	37	39	C	C	match
1EFW	1EFW_D	sequence_000001	pdb_sequence_match|annotation_feature|annref_Y_pseudotuberculosis|NC_010465|exon:NC_010465:1248884:1248953:+|1248883|1248953|+	38	38	40	G	G	match
1EFW	1EFW_D	sequence_000001	pdb_sequence_match|annotation_feature|annref_Y_pseudotuberculosis|NC_010465|exon:NC_010465:1248884:1248953:+|1248883|1248953|+	39	39	41	C	C	match
1EFW	1EFW_D	sequence_000001	pdb_sequence_match|annotation_feature|annref_Y_pseudotuberculosis|NC_010465|exon:NC_010465:1248884:1248953:+|1248883|1248953|+	40	40	42	C	A	mismatch
1EFW	1EFW_D	sequence_000001	pdb_sequence_match|annotation_feature|annref_Y_pseudotuberculosis|NC_010465|exon:NC_010465:1248884:1248953:+|1248883|1248953|+	41	41	43	G	G	match
1EFW	1EFW_D	sequence_000001	pdb_sequence_match|annotation_feature|annref_Y_pseudotuberculosis|NC_010465|exon:NC_010465:1248884:1248953:+|1248883|1248953|+	42	42	44	G	G	match
1EFW	1EFW_D	sequence_000001	pdb_sequence_match|annotation_feature|annref_Y_pseudotuberculosis|NC_010465|exon:NC_010465:1248884:1248953:+|1248883|1248953|+	43	43	45	G	G	match
1EFW	1EFW_D	sequence_000001	pdb_sequence_match|annotation_feature|annref_Y_pseudotuberculosis|NC_010465|exon:NC_010465:1248884:1248953:+|1248883|1248953|+	44	44	46	G	G	match
1EFW	1EFW_D	sequence_000001	pdb_sequence_match|annotation_feature|annref_Y_pseudotuberculosis|NC_010465|exon:NC_010465:1248884:1248953:+|1248883|1248953|+	45	45	47	G	G	match
1EFW	1EFW_D	sequence_000001	pdb_sequence_match|annotation_feature|annref_Y_pseudotuberculosis|NC_010465|exon:NC_010465:1248884:1248953:+|1248883|1248953|+	46	46	48	T	T	match
1EFW	1EFW_D	sequence_000001	pdb_sequence_match|annotation_feature|annref_Y_pseudotuberculosis|NC_010465|exon:NC_010465:1248884:1248953:+|1248883|1248953|+	47	47	49	C	C	match
1EFW	1EFW_D	sequence_000001	pdb_sequence_match|annotation_feature|annref_Y_pseudotuberculosis|NC_010465|exon:NC_010465:1248884:1248953:+|1248883|1248953|+	48	48	50	G	G	match
1EFW	1EFW_D	sequence_000001	pdb_sequence_match|annotation_feature|annref_Y_pseudotuberculosis|NC_010465|exon:NC_010465:1248884:1248953:+|1248883|1248953|+	49	49	51	C	C	match
1EFW	1EFW_D	sequence_000001	pdb_sequence_match|annotation_feature|annref_Y_pseudotuberculosis|NC_010465|exon:NC_010465:1248884:1248953:+|1248883|1248953|+	50	50	52	G	G	match
1EFW	1EFW_D	sequence_000001	pdb_sequence_match|annotation_feature|annref_Y_pseudotuberculosis|NC_010465|exon:NC_010465:1248884:1248953:+|1248883|1248953|+	51	51	53	G	G	match
1EFW	1EFW_D	sequence_000001	pdb_sequence_match|annotation_feature|annref_Y_pseudotuberculosis|NC_010465|exon:NC_010465:1248884:1248953:+|1248883|1248953|+	52	52	54	G	G	match
1EFW	1EFW_D	sequence_000001	pdb_sequence_match|annotation_feature|annref_Y_pseudotuberculosis|NC_010465|exon:NC_010465:1248884:1248953:+|1248883|1248953|+	53	53	55	T	T	match
1EFW	1EFW_D	sequence_000001	pdb_sequence_match|annotation_feature|annref_Y_pseudotuberculosis|NC_010465|exon:NC_010465:1248884:1248953:+|1248883|1248953|+	54	54	56	T	T	match
1EFW	1EFW_D	sequence_000001	pdb_sequence_match|annotation_feature|annref_Y_pseudotuberculosis|NC_010465|exon:NC_010465:1248884:1248953:+|1248883|1248953|+	55	55	57	C	C	match
1EFW	1EFW_D	sequence_000001	pdb_sequence_match|annotation_feature|annref_Y_pseudotuberculosis|NC_010465|exon:NC_010465:1248884:1248953:+|1248883|1248953|+	56	56	58	G	G	match
1EFW	1EFW_D	sequence_000001	pdb_sequence_match|annotation_feature|annref_Y_pseudotuberculosis|NC_010465|exon:NC_010465:1248884:1248953:+|1248883|1248953|+	57	57	59	A	A	match
1EFW	1EFW_D	sequence_000001	pdb_sequence_match|annotation_feature|annref_Y_pseudotuberculosis|NC_010465|exon:NC_010465:1248884:1248953:+|1248883|1248953|+	58	58	60	G	G	match
1EFW	1EFW_D	sequence_000001	pdb_sequence_match|annotation_feature|annref_Y_pseudotuberculosis|NC_010465|exon:NC_010465:1248884:1248953:+|1248883|1248953|+	59	59	61	T	T	match
1EFW	1EFW_D	sequence_000001	pdb_sequence_match|annotation_feature|annref_Y_pseudotuberculosis|NC_010465|exon:NC_010465:1248884:1248953:+|1248883|1248953|+	60	60	62	C	C	match
1EFW	1EFW_D	sequence_000001	pdb_sequence_match|annotation_feature|annref_Y_pseudotuberculosis|NC_010465|exon:NC_010465:1248884:1248953:+|1248883|1248953|+	61	61	63	C	C	match
1EFW	1EFW_D	sequence_000001	pdb_sequence_match|annotation_feature|annref_Y_pseudotuberculosis|NC_010465|exon:NC_010465:1248884:1248953:+|1248883|1248953|+	62	62	64	C	C	match
1EFW	1EFW_D	sequence_000001	pdb_sequence_match|annotation_feature|annref_Y_pseudotuberculosis|NC_010465|exon:NC_010465:1248884:1248953:+|1248883|1248953|+	63	63	65	G	G	match
1EFW	1EFW_D	sequence_000001	pdb_sequence_match|annotation_feature|annref_Y_pseudotuberculosis|NC_010465|exon:NC_010465:1248884:1248953:+|1248883|1248953|+	64	64	66	T	T	match
1EFW	1EFW_D	sequence_000001	pdb_sequence_match|annotation_feature|annref_Y_pseudotuberculosis|NC_010465|exon:NC_010465:1248884:1248953:+|1248883|1248953|+	65	65	67	C	C	match
1EFW	1EFW_D	sequence_000001	pdb_sequence_match|annotation_feature|annref_Y_pseudotuberculosis|NC_010465|exon:NC_010465:1248884:1248953:+|1248883|1248953|+	66	66	68	C	C	match
1EFW	1EFW_D	sequence_000001	pdb_sequence_match|annotation_feature|annref_Y_pseudotuberculosis|NC_010465|exon:NC_010465:1248884:1248953:+|1248883|1248953|+	67	67	69	G	G	match
1EFW	1EFW_D	sequence_000001	pdb_sequence_match|annotation_feature|annref_Y_pseudotuberculosis|NC_010465|exon:NC_010465:1248884:1248953:+|1248883|1248953|+	68	68		C	-	pdb_gap
1EFW	1EFW_D	sequence_000001	pdb_sequence_match|annotation_feature|annref_Y_pseudotuberculosis|NC_010465|exon:NC_010465:1248884:1248953:+|1248883|1248953|+	69	69		A	-	pdb_gap
1EFW	1EFW_D	sequence_000001	pdb_sequence_match|annotation_feature|annref_Y_pseudotuberculosis|NC_010465|exon:NC_010465:1248884:1248953:+|1248883|1248953|+	70	70		C	-	pdb_gap
1EFW	1EFW_D	sequence_000002	pdb_sequence_match|annotation_feature|annref_Y_pseudotuberculosis|NC_010465|gene:ENSB:75SfIwioE-pBoQo|1248883|1248953|+	1	1		U	-	pdb_gap
1EFW	1EFW_D	sequence_000002	pdb_sequence_match|annotation_feature|annref_Y_pseudotuberculosis|NC_010465|gene:ENSB:75SfIwioE-pBoQo|1248883|1248953|+	2	2	4	G	G	match
1EFW	1EFW_D	sequence_000002	pdb_sequence_match|annotation_feature|annref_Y_pseudotuberculosis|NC_010465|gene:ENSB:75SfIwioE-pBoQo|1248883|1248953|+	3	3	5	C	C	match
1EFW	1EFW_D	sequence_000002	pdb_sequence_match|annotation_feature|annref_Y_pseudotuberculosis|NC_010465|gene:ENSB:75SfIwioE-pBoQo|1248883|1248953|+	4	4	6	G	G	match
1EFW	1EFW_D	sequence_000002	pdb_sequence_match|annotation_feature|annref_Y_pseudotuberculosis|NC_010465|gene:ENSB:75SfIwioE-pBoQo|1248883|1248953|+	5	5	7	G	G	match
1EFW	1EFW_D	sequence_000002	pdb_sequence_match|annotation_feature|annref_Y_pseudotuberculosis|NC_010465|gene:ENSB:75SfIwioE-pBoQo|1248883|1248953|+	6	6	8	T	T	match
1EFW	1EFW_D	sequence_000002	pdb_sequence_match|annotation_feature|annref_Y_pseudotuberculosis|NC_010465|gene:ENSB:75SfIwioE-pBoQo|1248883|1248953|+	7	7	9	A	A	match
1EFW	1EFW_D	sequence_000002	pdb_sequence_match|annotation_feature|annref_Y_pseudotuberculosis|NC_010465|gene:ENSB:75SfIwioE-pBoQo|1248883|1248953|+	8	8	10	G	G	match
1EFW	1EFW_D	sequence_000002	pdb_sequence_match|annotation_feature|annref_Y_pseudotuberculosis|NC_010465|gene:ENSB:75SfIwioE-pBoQo|1248883|1248953|+	9	9	11	T	T	match
1EFW	1EFW_D	sequence_000002	pdb_sequence_match|annotation_feature|annref_Y_pseudotuberculosis|NC_010465|gene:ENSB:75SfIwioE-pBoQo|1248883|1248953|+	10	10	12	T	T	match
1EFW	1EFW_D	sequence_000002	pdb_sequence_match|annotation_feature|annref_Y_pseudotuberculosis|NC_010465|gene:ENSB:75SfIwioE-pBoQo|1248883|1248953|+	11	11	13	C	C	match
1EFW	1EFW_D	sequence_000002	pdb_sequence_match|annotation_feature|annref_Y_pseudotuberculosis|NC_010465|gene:ENSB:75SfIwioE-pBoQo|1248883|1248953|+	12	12	14	A	A	match
1EFW	1EFW_D	sequence_000002	pdb_sequence_match|annotation_feature|annref_Y_pseudotuberculosis|NC_010465|gene:ENSB:75SfIwioE-pBoQo|1248883|1248953|+	13	13	15	G	G	match
1EFW	1EFW_D	sequence_000002	pdb_sequence_match|annotation_feature|annref_Y_pseudotuberculosis|NC_010465|gene:ENSB:75SfIwioE-pBoQo|1248883|1248953|+	14	14	16	T	T	match
1EFW	1EFW_D	sequence_000002	pdb_sequence_match|annotation_feature|annref_Y_pseudotuberculosis|NC_010465|gene:ENSB:75SfIwioE-pBoQo|1248883|1248953|+	15	15	17	C	C	match
1EFW	1EFW_D	sequence_000002	pdb_sequence_match|annotation_feature|annref_Y_pseudotuberculosis|NC_010465|gene:ENSB:75SfIwioE-pBoQo|1248883|1248953|+	16	16	18	G	G	match
1EFW	1EFW_D	sequence_000002	pdb_sequence_match|annotation_feature|annref_Y_pseudotuberculosis|NC_010465|gene:ENSB:75SfIwioE-pBoQo|1248883|1248953|+	17	17	19	G	G	match
1EFW	1EFW_D	sequence_000002	pdb_sequence_match|annotation_feature|annref_Y_pseudotuberculosis|NC_010465|gene:ENSB:75SfIwioE-pBoQo|1248883|1248953|+	18	18	20	T	T	match
1EFW	1EFW_D	sequence_000002	pdb_sequence_match|annotation_feature|annref_Y_pseudotuberculosis|NC_010465|gene:ENSB:75SfIwioE-pBoQo|1248883|1248953|+	19	19	21	T	T	match
1EFW	1EFW_D	sequence_000002	pdb_sequence_match|annotation_feature|annref_Y_pseudotuberculosis|NC_010465|gene:ENSB:75SfIwioE-pBoQo|1248883|1248953|+	20	20	22	A	A	match
1EFW	1EFW_D	sequence_000002	pdb_sequence_match|annotation_feature|annref_Y_pseudotuberculosis|NC_010465|gene:ENSB:75SfIwioE-pBoQo|1248883|1248953|+	21	21	23	G	G	match
1EFW	1EFW_D	sequence_000002	pdb_sequence_match|annotation_feature|annref_Y_pseudotuberculosis|NC_010465|gene:ENSB:75SfIwioE-pBoQo|1248883|1248953|+	22	22	24	A	A	match
1EFW	1EFW_D	sequence_000002	pdb_sequence_match|annotation_feature|annref_Y_pseudotuberculosis|NC_010465|gene:ENSB:75SfIwioE-pBoQo|1248883|1248953|+	23	23	25	A	A	match
1EFW	1EFW_D	sequence_000002	pdb_sequence_match|annotation_feature|annref_Y_pseudotuberculosis|NC_010465|gene:ENSB:75SfIwioE-pBoQo|1248883|1248953|+	24	24	26	T	T	match
1EFW	1EFW_D	sequence_000002	pdb_sequence_match|annotation_feature|annref_Y_pseudotuberculosis|NC_010465|gene:ENSB:75SfIwioE-pBoQo|1248883|1248953|+	25	25	27	A	A	match
1EFW	1EFW_D	sequence_000002	pdb_sequence_match|annotation_feature|annref_Y_pseudotuberculosis|NC_010465|gene:ENSB:75SfIwioE-pBoQo|1248883|1248953|+	26	26	28	C	C	match
1EFW	1EFW_D	sequence_000002	pdb_sequence_match|annotation_feature|annref_Y_pseudotuberculosis|NC_010465|gene:ENSB:75SfIwioE-pBoQo|1248883|1248953|+	27	27	29	C	C	match
1EFW	1EFW_D	sequence_000002	pdb_sequence_match|annotation_feature|annref_Y_pseudotuberculosis|NC_010465|gene:ENSB:75SfIwioE-pBoQo|1248883|1248953|+	28	28	30	G	T	mismatch
1EFW	1EFW_D	sequence_000002	pdb_sequence_match|annotation_feature|annref_Y_pseudotuberculosis|NC_010465|gene:ENSB:75SfIwioE-pBoQo|1248883|1248953|+	29	29	31	G	G	match
1EFW	1EFW_D	sequence_000002	pdb_sequence_match|annotation_feature|annref_Y_pseudotuberculosis|NC_010465|gene:ENSB:75SfIwioE-pBoQo|1248883|1248953|+	30	30	32	C	C	match
1EFW	1EFW_D	sequence_000002	pdb_sequence_match|annotation_feature|annref_Y_pseudotuberculosis|NC_010465|gene:ENSB:75SfIwioE-pBoQo|1248883|1248953|+	31	31	33	C	C	match
1EFW	1EFW_D	sequence_000002	pdb_sequence_match|annotation_feature|annref_Y_pseudotuberculosis|NC_010465|gene:ENSB:75SfIwioE-pBoQo|1248883|1248953|+	32	32	34	T	T	match
1EFW	1EFW_D	sequence_000002	pdb_sequence_match|annotation_feature|annref_Y_pseudotuberculosis|NC_010465|gene:ENSB:75SfIwioE-pBoQo|1248883|1248953|+	33	33	35	G	G	match
1EFW	1EFW_D	sequence_000002	pdb_sequence_match|annotation_feature|annref_Y_pseudotuberculosis|NC_010465|gene:ENSB:75SfIwioE-pBoQo|1248883|1248953|+	34	34	36	T	T	match
1EFW	1EFW_D	sequence_000002	pdb_sequence_match|annotation_feature|annref_Y_pseudotuberculosis|NC_010465|gene:ENSB:75SfIwioE-pBoQo|1248883|1248953|+	35	35	37	C	C	match
1EFW	1EFW_D	sequence_000002	pdb_sequence_match|annotation_feature|annref_Y_pseudotuberculosis|NC_010465|gene:ENSB:75SfIwioE-pBoQo|1248883|1248953|+	36	36	38	A	A	match
1EFW	1EFW_D	sequence_000002	pdb_sequence_match|annotation_feature|annref_Y_pseudotuberculosis|NC_010465|gene:ENSB:75SfIwioE-pBoQo|1248883|1248953|+	37	37	39	C	C	match
1EFW	1EFW_D	sequence_000002	pdb_sequence_match|annotation_feature|annref_Y_pseudotuberculosis|NC_010465|gene:ENSB:75SfIwioE-pBoQo|1248883|1248953|+	38	38	40	G	G	match
1EFW	1EFW_D	sequence_000002	pdb_sequence_match|annotation_feature|annref_Y_pseudotuberculosis|NC_010465|gene:ENSB:75SfIwioE-pBoQo|1248883|1248953|+	39	39	41	C	C	match
1EFW	1EFW_D	sequence_000002	pdb_sequence_match|annotation_feature|annref_Y_pseudotuberculosis|NC_010465|gene:ENSB:75SfIwioE-pBoQo|1248883|1248953|+	40	40	42	C	A	mismatch
1EFW	1EFW_D	sequence_000002	pdb_sequence_match|annotation_feature|annref_Y_pseudotuberculosis|NC_010465|gene:ENSB:75SfIwioE-pBoQo|1248883|1248953|+	41	41	43	G	G	match
1EFW	1EFW_D	sequence_000002	pdb_sequence_match|annotation_feature|annref_Y_pseudotuberculosis|NC_010465|gene:ENSB:75SfIwioE-pBoQo|1248883|1248953|+	42	42	44	G	G	match
1EFW	1EFW_D	sequence_000002	pdb_sequence_match|annotation_feature|annref_Y_pseudotuberculosis|NC_010465|gene:ENSB:75SfIwioE-pBoQo|1248883|1248953|+	43	43	45	G	G	match
1EFW	1EFW_D	sequence_000002	pdb_sequence_match|annotation_feature|annref_Y_pseudotuberculosis|NC_010465|gene:ENSB:75SfIwioE-pBoQo|1248883|1248953|+	44	44	46	G	G	match
1EFW	1EFW_D	sequence_000002	pdb_sequence_match|annotation_feature|annref_Y_pseudotuberculosis|NC_010465|gene:ENSB:75SfIwioE-pBoQo|1248883|1248953|+	45	45	47	G	G	match
1EFW	1EFW_D	sequence_000002	pdb_sequence_match|annotation_feature|annref_Y_pseudotuberculosis|NC_010465|gene:ENSB:75SfIwioE-pBoQo|1248883|1248953|+	46	46	48	T	T	match
1EFW	1EFW_D	sequence_000002	pdb_sequence_match|annotation_feature|annref_Y_pseudotuberculosis|NC_010465|gene:ENSB:75SfIwioE-pBoQo|1248883|1248953|+	47	47	49	C	C	match
1EFW	1EFW_D	sequence_000002	pdb_sequence_match|annotation_feature|annref_Y_pseudotuberculosis|NC_010465|gene:ENSB:75SfIwioE-pBoQo|1248883|1248953|+	48	48	50	G	G	match
1EFW	1EFW_D	sequence_000002	pdb_sequence_match|annotation_feature|annref_Y_pseudotuberculosis|NC_010465|gene:ENSB:75SfIwioE-pBoQo|1248883|1248953|+	49	49	51	C	C	match
1EFW	1EFW_D	sequence_000002	pdb_sequence_match|annotation_feature|annref_Y_pseudotuberculosis|NC_010465|gene:ENSB:75SfIwioE-pBoQo|1248883|1248953|+	50	50	52	G	G	match
1EFW	1EFW_D	sequence_000002	pdb_sequence_match|annotation_feature|annref_Y_pseudotuberculosis|NC_010465|gene:ENSB:75SfIwioE-pBoQo|1248883|1248953|+	51	51	53	G	G	match
1EFW	1EFW_D	sequence_000002	pdb_sequence_match|annotation_feature|annref_Y_pseudotuberculosis|NC_010465|gene:ENSB:75SfIwioE-pBoQo|1248883|1248953|+	52	52	54	G	G	match
1EFW	1EFW_D	sequence_000002	pdb_sequence_match|annotation_feature|annref_Y_pseudotuberculosis|NC_010465|gene:ENSB:75SfIwioE-pBoQo|1248883|1248953|+	53	53	55	T	T	match
1EFW	1EFW_D	sequence_000002	pdb_sequence_match|annotation_feature|annref_Y_pseudotuberculosis|NC_010465|gene:ENSB:75SfIwioE-pBoQo|1248883|1248953|+	54	54	56	T	T	match
1EFW	1EFW_D	sequence_000002	pdb_sequence_match|annotation_feature|annref_Y_pseudotuberculosis|NC_010465|gene:ENSB:75SfIwioE-pBoQo|1248883|1248953|+	55	55	57	C	C	match
1EFW	1EFW_D	sequence_000002	pdb_sequence_match|annotation_feature|annref_Y_pseudotuberculosis|NC_010465|gene:ENSB:75SfIwioE-pBoQo|1248883|1248953|+	56	56	58	G	G	match
1EFW	1EFW_D	sequence_000002	pdb_sequence_match|annotation_feature|annref_Y_pseudotuberculosis|NC_010465|gene:ENSB:75SfIwioE-pBoQo|1248883|1248953|+	57	57	59	A	A	match
1EFW	1EFW_D	sequence_000002	pdb_sequence_match|annotation_feature|annref_Y_pseudotuberculosis|NC_010465|gene:ENSB:75SfIwioE-pBoQo|1248883|1248953|+	58	58	60	G	G	match
1EFW	1EFW_D	sequence_000002	pdb_sequence_match|annotation_feature|annref_Y_pseudotuberculosis|NC_010465|gene:ENSB:75SfIwioE-pBoQo|1248883|1248953|+	59	59	61	T	T	match
1EFW	1EFW_D	sequence_000002	pdb_sequence_match|annotation_feature|annref_Y_pseudotuberculosis|NC_010465|gene:ENSB:75SfIwioE-pBoQo|1248883|1248953|+	60	60	62	C	C	match
1EFW	1EFW_D	sequence_000002	pdb_sequence_match|annotation_feature|annref_Y_pseudotuberculosis|NC_010465|gene:ENSB:75SfIwioE-pBoQo|1248883|1248953|+	61	61	63	C	C	match
1EFW	1EFW_D	sequence_000002	pdb_sequence_match|annotation_feature|annref_Y_pseudotuberculosis|NC_010465|gene:ENSB:75SfIwioE-pBoQo|1248883|1248953|+	62	62	64	C	C	match
1EFW	1EFW_D	sequence_000002	pdb_sequence_match|annotation_feature|annref_Y_pseudotuberculosis|NC_010465|gene:ENSB:75SfIwioE-pBoQo|1248883|1248953|+	63	63	65	G	G	match
1EFW	1EFW_D	sequence_000002	pdb_sequence_match|annotation_feature|annref_Y_pseudotuberculosis|NC_010465|gene:ENSB:75SfIwioE-pBoQo|1248883|1248953|+	64	64	66	T	T	match
1EFW	1EFW_D	sequence_000002	pdb_sequence_match|annotation_feature|annref_Y_pseudotuberculosis|NC_010465|gene:ENSB:75SfIwioE-pBoQo|1248883|1248953|+	65	65	67	C	C	match
1EFW	1EFW_D	sequence_000002	pdb_sequence_match|annotation_feature|annref_Y_pseudotuberculosis|NC_010465|gene:ENSB:75SfIwioE-pBoQo|1248883|1248953|+	66	66	68	C	C	match
1EFW	1EFW_D	sequence_000002	pdb_sequence_match|annotation_feature|annref_Y_pseudotuberculosis|NC_010465|gene:ENSB:75SfIwioE-pBoQo|1248883|1248953|+	67	67	69	G	G	match
1EFW	1EFW_D	sequence_000002	pdb_sequence_match|annotation_feature|annref_Y_pseudotuberculosis|NC_010465|gene:ENSB:75SfIwioE-pBoQo|1248883|1248953|+	68	68		C	-	pdb_gap
1EFW	1EFW_D	sequence_000002	pdb_sequence_match|annotation_feature|annref_Y_pseudotuberculosis|NC_010465|gene:ENSB:75SfIwioE-pBoQo|1248883|1248953|+	69	69		A	-	pdb_gap
1EFW	1EFW_D	sequence_000002	pdb_sequence_match|annotation_feature|annref_Y_pseudotuberculosis|NC_010465|gene:ENSB:75SfIwioE-pBoQo|1248883|1248953|+	70	70		C	-	pdb_gap
1EFW	1EFW_D	sequence_000003	pdb_sequence_match|annotation_feature|annref_Y_pseudotuberculosis|NC_010465|transcript:ENSB:75SfIwioE-pBoQo|1248883|1248953|+	1	1		U	-	pdb_gap
1EFW	1EFW_D	sequence_000003	pdb_sequence_match|annotation_feature|annref_Y_pseudotuberculosis|NC_010465|transcript:ENSB:75SfIwioE-pBoQo|1248883|1248953|+	2	2	4	G	G	match
1EFW	1EFW_D	sequence_000003	pdb_sequence_match|annotation_feature|annref_Y_pseudotuberculosis|NC_010465|transcript:ENSB:75SfIwioE-pBoQo|1248883|1248953|+	3	3	5	C	C	match
1EFW	1EFW_D	sequence_000003	pdb_sequence_match|annotation_feature|annref_Y_pseudotuberculosis|NC_010465|transcript:ENSB:75SfIwioE-pBoQo|1248883|1248953|+	4	4	6	G	G	match
1EFW	1EFW_D	sequence_000003	pdb_sequence_match|annotation_feature|annref_Y_pseudotuberculosis|NC_010465|transcript:ENSB:75SfIwioE-pBoQo|1248883|1248953|+	5	5	7	G	G	match
1EFW	1EFW_D	sequence_000003	pdb_sequence_match|annotation_feature|annref_Y_pseudotuberculosis|NC_010465|transcript:ENSB:75SfIwioE-pBoQo|1248883|1248953|+	6	6	8	T	T	match
1EFW	1EFW_D	sequence_000003	pdb_sequence_match|annotation_feature|annref_Y_pseudotuberculosis|NC_010465|transcript:ENSB:75SfIwioE-pBoQo|1248883|1248953|+	7	7	9	A	A	match
1EFW	1EFW_D	sequence_000003	pdb_sequence_match|annotation_feature|annref_Y_pseudotuberculosis|NC_010465|transcript:ENSB:75SfIwioE-pBoQo|1248883|1248953|+	8	8	10	G	G	match
1EFW	1EFW_D	sequence_000003	pdb_sequence_match|annotation_feature|annref_Y_pseudotuberculosis|NC_010465|transcript:ENSB:75SfIwioE-pBoQo|1248883|1248953|+	9	9	11	T	T	match
1EFW	1EFW_D	sequence_000003	pdb_sequence_match|annotation_feature|annref_Y_pseudotuberculosis|NC_010465|transcript:ENSB:75SfIwioE-pBoQo|1248883|1248953|+	10	10	12	T	T	match
1EFW	1EFW_D	sequence_000003	pdb_sequence_match|annotation_feature|annref_Y_pseudotuberculosis|NC_010465|transcript:ENSB:75SfIwioE-pBoQo|1248883|1248953|+	11	11	13	C	C	match
1EFW	1EFW_D	sequence_000003	pdb_sequence_match|annotation_feature|annref_Y_pseudotuberculosis|NC_010465|transcript:ENSB:75SfIwioE-pBoQo|1248883|1248953|+	12	12	14	A	A	match
1EFW	1EFW_D	sequence_000003	pdb_sequence_match|annotation_feature|annref_Y_pseudotuberculosis|NC_010465|transcript:ENSB:75SfIwioE-pBoQo|1248883|1248953|+	13	13	15	G	G	match
1EFW	1EFW_D	sequence_000003	pdb_sequence_match|annotation_feature|annref_Y_pseudotuberculosis|NC_010465|transcript:ENSB:75SfIwioE-pBoQo|1248883|1248953|+	14	14	16	T	T	match
1EFW	1EFW_D	sequence_000003	pdb_sequence_match|annotation_feature|annref_Y_pseudotuberculosis|NC_010465|transcript:ENSB:75SfIwioE-pBoQo|1248883|1248953|+	15	15	17	C	C	match
1EFW	1EFW_D	sequence_000003	pdb_sequence_match|annotation_feature|annref_Y_pseudotuberculosis|NC_010465|transcript:ENSB:75SfIwioE-pBoQo|1248883|1248953|+	16	16	18	G	G	match
1EFW	1EFW_D	sequence_000003	pdb_sequence_match|annotation_feature|annref_Y_pseudotuberculosis|NC_010465|transcript:ENSB:75SfIwioE-pBoQo|1248883|1248953|+	17	17	19	G	G	match
1EFW	1EFW_D	sequence_000003	pdb_sequence_match|annotation_feature|annref_Y_pseudotuberculosis|NC_010465|transcript:ENSB:75SfIwioE-pBoQo|1248883|1248953|+	18	18	20	T	T	match
1EFW	1EFW_D	sequence_000003	pdb_sequence_match|annotation_feature|annref_Y_pseudotuberculosis|NC_010465|transcript:ENSB:75SfIwioE-pBoQo|1248883|1248953|+	19	19	21	T	T	match
1EFW	1EFW_D	sequence_000003	pdb_sequence_match|annotation_feature|annref_Y_pseudotuberculosis|NC_010465|transcript:ENSB:75SfIwioE-pBoQo|1248883|1248953|+	20	20	22	A	A	match
1EFW	1EFW_D	sequence_000003	pdb_sequence_match|annotation_feature|annref_Y_pseudotuberculosis|NC_010465|transcript:ENSB:75SfIwioE-pBoQo|1248883|1248953|+	21	21	23	G	G	match
1EFW	1EFW_D	sequence_000003	pdb_sequence_match|annotation_feature|annref_Y_pseudotuberculosis|NC_010465|transcript:ENSB:75SfIwioE-pBoQo|1248883|1248953|+	22	22	24	A	A	match
1EFW	1EFW_D	sequence_000003	pdb_sequence_match|annotation_feature|annref_Y_pseudotuberculosis|NC_010465|transcript:ENSB:75SfIwioE-pBoQo|1248883|1248953|+	23	23	25	A	A	match
1EFW	1EFW_D	sequence_000003	pdb_sequence_match|annotation_feature|annref_Y_pseudotuberculosis|NC_010465|transcript:ENSB:75SfIwioE-pBoQo|1248883|1248953|+	24	24	26	T	T	match
1EFW	1EFW_D	sequence_000003	pdb_sequence_match|annotation_feature|annref_Y_pseudotuberculosis|NC_010465|transcript:ENSB:75SfIwioE-pBoQo|1248883|1248953|+	25	25	27	A	A	match
1EFW	1EFW_D	sequence_000003	pdb_sequence_match|annotation_feature|annref_Y_pseudotuberculosis|NC_010465|transcript:ENSB:75SfIwioE-pBoQo|1248883|1248953|+	26	26	28	C	C	match
1EFW	1EFW_D	sequence_000003	pdb_sequence_match|annotation_feature|annref_Y_pseudotuberculosis|NC_010465|transcript:ENSB:75SfIwioE-pBoQo|1248883|1248953|+	27	27	29	C	C	match
1EFW	1EFW_D	sequence_000003	pdb_sequence_match|annotation_feature|annref_Y_pseudotuberculosis|NC_010465|transcript:ENSB:75SfIwioE-pBoQo|1248883|1248953|+	28	28	30	G	T	mismatch
1EFW	1EFW_D	sequence_000003	pdb_sequence_match|annotation_feature|annref_Y_pseudotuberculosis|NC_010465|transcript:ENSB:75SfIwioE-pBoQo|1248883|1248953|+	29	29	31	G	G	match
1EFW	1EFW_D	sequence_000003	pdb_sequence_match|annotation_feature|annref_Y_pseudotuberculosis|NC_010465|transcript:ENSB:75SfIwioE-pBoQo|1248883|1248953|+	30	30	32	C	C	match
1EFW	1EFW_D	sequence_000003	pdb_sequence_match|annotation_feature|annref_Y_pseudotuberculosis|NC_010465|transcript:ENSB:75SfIwioE-pBoQo|1248883|1248953|+	31	31	33	C	C	match
1EFW	1EFW_D	sequence_000003	pdb_sequence_match|annotation_feature|annref_Y_pseudotuberculosis|NC_010465|transcript:ENSB:75SfIwioE-pBoQo|1248883|1248953|+	32	32	34	T	T	match
1EFW	1EFW_D	sequence_000003	pdb_sequence_match|annotation_feature|annref_Y_pseudotuberculosis|NC_010465|transcript:ENSB:75SfIwioE-pBoQo|1248883|1248953|+	33	33	35	G	G	match
1EFW	1EFW_D	sequence_000003	pdb_sequence_match|annotation_feature|annref_Y_pseudotuberculosis|NC_010465|transcript:ENSB:75SfIwioE-pBoQo|1248883|1248953|+	34	34	36	T	T	match
1EFW	1EFW_D	sequence_000003	pdb_sequence_match|annotation_feature|annref_Y_pseudotuberculosis|NC_010465|transcript:ENSB:75SfIwioE-pBoQo|1248883|1248953|+	35	35	37	C	C	match
1EFW	1EFW_D	sequence_000003	pdb_sequence_match|annotation_feature|annref_Y_pseudotuberculosis|NC_010465|transcript:ENSB:75SfIwioE-pBoQo|1248883|1248953|+	36	36	38	A	A	match
1EFW	1EFW_D	sequence_000003	pdb_sequence_match|annotation_feature|annref_Y_pseudotuberculosis|NC_010465|transcript:ENSB:75SfIwioE-pBoQo|1248883|1248953|+	37	37	39	C	C	match
1EFW	1EFW_D	sequence_000003	pdb_sequence_match|annotation_feature|annref_Y_pseudotuberculosis|NC_010465|transcript:ENSB:75SfIwioE-pBoQo|1248883|1248953|+	38	38	40	G	G	match
1EFW	1EFW_D	sequence_000003	pdb_sequence_match|annotation_feature|annref_Y_pseudotuberculosis|NC_010465|transcript:ENSB:75SfIwioE-pBoQo|1248883|1248953|+	39	39	41	C	C	match
1EFW	1EFW_D	sequence_000003	pdb_sequence_match|annotation_feature|annref_Y_pseudotuberculosis|NC_010465|transcript:ENSB:75SfIwioE-pBoQo|1248883|1248953|+	40	40	42	C	A	mismatch
1EFW	1EFW_D	sequence_000003	pdb_sequence_match|annotation_feature|annref_Y_pseudotuberculosis|NC_010465|transcript:ENSB:75SfIwioE-pBoQo|1248883|1248953|+	41	41	43	G	G	match
1EFW	1EFW_D	sequence_000003	pdb_sequence_match|annotation_feature|annref_Y_pseudotuberculosis|NC_010465|transcript:ENSB:75SfIwioE-pBoQo|1248883|1248953|+	42	42	44	G	G	match
1EFW	1EFW_D	sequence_000003	pdb_sequence_match|annotation_feature|annref_Y_pseudotuberculosis|NC_010465|transcript:ENSB:75SfIwioE-pBoQo|1248883|1248953|+	43	43	45	G	G	match
1EFW	1EFW_D	sequence_000003	pdb_sequence_match|annotation_feature|annref_Y_pseudotuberculosis|NC_010465|transcript:ENSB:75SfIwioE-pBoQo|1248883|1248953|+	44	44	46	G	G	match
1EFW	1EFW_D	sequence_000003	pdb_sequence_match|annotation_feature|annref_Y_pseudotuberculosis|NC_010465|transcript:ENSB:75SfIwioE-pBoQo|1248883|1248953|+	45	45	47	G	G	match
1EFW	1EFW_D	sequence_000003	pdb_sequence_match|annotation_feature|annref_Y_pseudotuberculosis|NC_010465|transcript:ENSB:75SfIwioE-pBoQo|1248883|1248953|+	46	46	48	T	T	match
1EFW	1EFW_D	sequence_000003	pdb_sequence_match|annotation_feature|annref_Y_pseudotuberculosis|NC_010465|transcript:ENSB:75SfIwioE-pBoQo|1248883|1248953|+	47	47	49	C	C	match
1EFW	1EFW_D	sequence_000003	pdb_sequence_match|annotation_feature|annref_Y_pseudotuberculosis|NC_010465|transcript:ENSB:75SfIwioE-pBoQo|1248883|1248953|+	48	48	50	G	G	match
1EFW	1EFW_D	sequence_000003	pdb_sequence_match|annotation_feature|annref_Y_pseudotuberculosis|NC_010465|transcript:ENSB:75SfIwioE-pBoQo|1248883|1248953|+	49	49	51	C	C	match
1EFW	1EFW_D	sequence_000003	pdb_sequence_match|annotation_feature|annref_Y_pseudotuberculosis|NC_010465|transcript:ENSB:75SfIwioE-pBoQo|1248883|1248953|+	50	50	52	G	G	match
1EFW	1EFW_D	sequence_000003	pdb_sequence_match|annotation_feature|annref_Y_pseudotuberculosis|NC_010465|transcript:ENSB:75SfIwioE-pBoQo|1248883|1248953|+	51	51	53	G	G	match
1EFW	1EFW_D	sequence_000003	pdb_sequence_match|annotation_feature|annref_Y_pseudotuberculosis|NC_010465|transcript:ENSB:75SfIwioE-pBoQo|1248883|1248953|+	52	52	54	G	G	match
1EFW	1EFW_D	sequence_000003	pdb_sequence_match|annotation_feature|annref_Y_pseudotuberculosis|NC_010465|transcript:ENSB:75SfIwioE-pBoQo|1248883|1248953|+	53	53	55	T	T	match
1EFW	1EFW_D	sequence_000003	pdb_sequence_match|annotation_feature|annref_Y_pseudotuberculosis|NC_010465|transcript:ENSB:75SfIwioE-pBoQo|1248883|1248953|+	54	54	56	T	T	match
1EFW	1EFW_D	sequence_000003	pdb_sequence_match|annotation_feature|annref_Y_pseudotuberculosis|NC_010465|transcript:ENSB:75SfIwioE-pBoQo|1248883|1248953|+	55	55	57	C	C	match
1EFW	1EFW_D	sequence_000003	pdb_sequence_match|annotation_feature|annref_Y_pseudotuberculosis|NC_010465|transcript:ENSB:75SfIwioE-pBoQo|1248883|1248953|+	56	56	58	G	G	match
1EFW	1EFW_D	sequence_000003	pdb_sequence_match|annotation_feature|annref_Y_pseudotuberculosis|NC_010465|transcript:ENSB:75SfIwioE-pBoQo|1248883|1248953|+	57	57	59	A	A	match
1EFW	1EFW_D	sequence_000003	pdb_sequence_match|annotation_feature|annref_Y_pseudotuberculosis|NC_010465|transcript:ENSB:75SfIwioE-pBoQo|1248883|1248953|+	58	58	60	G	G	match
1EFW	1EFW_D	sequence_000003	pdb_sequence_match|annotation_feature|annref_Y_pseudotuberculosis|NC_010465|transcript:ENSB:75SfIwioE-pBoQo|1248883|1248953|+	59	59	61	T	T	match
1EFW	1EFW_D	sequence_000003	pdb_sequence_match|annotation_feature|annref_Y_pseudotuberculosis|NC_010465|transcript:ENSB:75SfIwioE-pBoQo|1248883|1248953|+	60	60	62	C	C	match
1EFW	1EFW_D	sequence_000003	pdb_sequence_match|annotation_feature|annref_Y_pseudotuberculosis|NC_010465|transcript:ENSB:75SfIwioE-pBoQo|1248883|1248953|+	61	61	63	C	C	match
1EFW	1EFW_D	sequence_000003	pdb_sequence_match|annotation_feature|annref_Y_pseudotuberculosis|NC_010465|transcript:ENSB:75SfIwioE-pBoQo|1248883|1248953|+	62	62	64	C	C	match
1EFW	1EFW_D	sequence_000003	pdb_sequence_match|annotation_feature|annref_Y_pseudotuberculosis|NC_010465|transcript:ENSB:75SfIwioE-pBoQo|1248883|1248953|+	63	63	65	G	G	match
1EFW	1EFW_D	sequence_000003	pdb_sequence_match|annotation_feature|annref_Y_pseudotuberculosis|NC_010465|transcript:ENSB:75SfIwioE-pBoQo|1248883|1248953|+	64	64	66	T	T	match
1EFW	1EFW_D	sequence_000003	pdb_sequence_match|annotation_feature|annref_Y_pseudotuberculosis|NC_010465|transcript:ENSB:75SfIwioE-pBoQo|1248883|1248953|+	65	65	67	C	C	match
1EFW	1EFW_D	sequence_000003	pdb_sequence_match|annotation_feature|annref_Y_pseudotuberculosis|NC_010465|transcript:ENSB:75SfIwioE-pBoQo|1248883|1248953|+	66	66	68	C	C	match
1EFW	1EFW_D	sequence_000003	pdb_sequence_match|annotation_feature|annref_Y_pseudotuberculosis|NC_010465|transcript:ENSB:75SfIwioE-pBoQo|1248883|1248953|+	67	67	69	G	G	match
1EFW	1EFW_D	sequence_000003	pdb_sequence_match|annotation_feature|annref_Y_pseudotuberculosis|NC_010465|transcript:ENSB:75SfIwioE-pBoQo|1248883|1248953|+	68	68		C	-	pdb_gap
1EFW	1EFW_D	sequence_000003	pdb_sequence_match|annotation_feature|annref_Y_pseudotuberculosis|NC_010465|transcript:ENSB:75SfIwioE-pBoQo|1248883|1248953|+	69	69		A	-	pdb_gap
1EFW	1EFW_D	sequence_000003	pdb_sequence_match|annotation_feature|annref_Y_pseudotuberculosis|NC_010465|transcript:ENSB:75SfIwioE-pBoQo|1248883|1248953|+	70	70		C	-	pdb_gap
