FoldBridge ID,Name,Sequence,Length,File Code,Experiment Type,Modifier
RMDB_RNAPZ10_STD_0001,RNA Puzzle 10,UGCGAUGAGAAGAAGAGUAUUAAGGAUUUACUAUGAUUAGCGACUCUAGGAUAGUGAAAGCUAGAGGAUAGUAACCUUAAGAAGGCACUUCGAGCA (96nt),96nt,STD,StandardState,1M7
RMDB_RNAPZ10_STD_0002,RNA Puzzle 10,GCGGAAGUAGUUCAGUGGUAGAACACCACCUUGCCAAGGUGGGGGUCGCGGGUUCGAAUCCCGUCUUCCGCUCCA (75nt),75nt,STD,StandardState,1M7
RMDB_RNAPZ11_1M7_0001,RNA Puzzle 11,XXXXXXXXXXXXXXXXXXXXXXXXXXXXXXXXXXXXXXXXXXXXXXXXXXXXXXXXX (57nt),57nt,1M7,MutateMap,1M7
RMDB_RNAPZ11_1M7_0002,RNA Puzzle 11,XXXXXXXXXXXXXXXXXXXXXXXXXXXXXXXXXXXXXXXXXXXXXXXXXXXXXXXXX (57nt),57nt,1M7,MutateMap,1M7
RMDB_RNAPZ11_1M7_0003,RNA Puzzle 11,XXXXXXXXXXXXXXXXXXXXXXXXXXXXXXXXXXXXXXXXXXXXXXXXXXXXXXXXX (57nt),57nt,1M7,MutateMap,1M7
RMDB_RNAPZ11_1M7_0004,RNA Puzzle 11,GGAACAGCUCGAGUAGAGCUGAAAGGGAUCUGUCACCCCAUUGAUCGCCUUCGGGCUGAUCUGGCUGGCUAGGCGGGUCCCAAACGCAUCGAGUAGAUGCGAACAAAGAAACAACAACAACAAC (124nt),124nt,1M7,MutateAndMap,1M7
RMDB_RNAPZ11_1M7_0005,RNA Puzzle 11,GGAACAGCUCGAGUAGAGCUGAAAGGGAUCUGUCACCCCAUUGAUCGCCUUCGGGCUGAUCUGGCUGGCUAGGCGGGUCCCAAACGCAUCGAGUAGAUGCGAACAAAGAAACAACAACAACAAC (124nt),124nt,1M7,MutateAndMap,1M7
RMDB_RNAPZ11_1M7_0006,RNA Puzzle 11,GGAACAGCUCGAGUAGAGCUGAAAGGGAUCUGUCACCCCAUUGAUCGCCUUCGGGCUGAUCUGGCUGGCUAGGCGGGUCCCAAACGCAUCGAGUAGAUGCGAACAAAGAAACAACAACAACAAC (124nt),124nt,1M7,MutateAndMap,1M7
RMDB_RNAPZ11_STD_0001,RNA Puzzle 11,XXXXXXXXXXXXXXXXXXXXXXXXXXXXXXXXXXXXXXXXXXXXXXXXXXXXXXXXX (57nt),57nt,STD,StandardState,DMS
RMDB_RNAPZ11_STD_0002,RNA Puzzle 11,GGGAUCUGUCACCCCAUUGAUCGCCUUCGGGCUGAUCUGGCUGGCUAGGCGGGUCCC (57nt),57nt,STD,StandardState,DMS
RMDB_RNAPZ12_1M7_0000,RNA Puzzle 12,XXXXXXXXXXXXXXXXXXXXXXXXXXXXXXXXXXXXXXXXXXXXXXXXXXXXXXXXXXXXXXXXXXXXXXXXXXXXXXXXXXXXXXXXXXXXXXXXXXXXXXXXXXXXXXXXXXXXXXXXXXXXX (125nt),125nt,1M7,StandardState,SHAPE
RMDB_RNAPZ12_1M7_0003,RNA Puzzle 12,XXXXXXXXXXXXXXXXXXXXXXXXXXXXXXXXXXXXXXXXXXXXXXXXXXXXXXXXXXXXXXXXXXXXXXXXXXXXXXXXXXXXXXXXXXXXXXXXXXXXXXXXXXXXXXXXXXXXXXXXXXXXX (125nt),125nt,1M7,MutateAndMap,SHAPE
RMDB_RNAPZ12_CMC_0000,RNA Puzzle 12,XXXXXXXXXXXXXXXXXXXXXXXXXXXXXXXXXXXXXXXXXXXXXXXXXXXXXXXXXXXXXXXXXXXXXXXXXXXXXXXXXXXXXXXXXXXXXXXXXXXXXXXXXXXXXXXXXXXXXXXXXXXXX (125nt),125nt,CMC,StandardState,CMCT
RMDB_RNAPZ12_DMS_0000,RNA Puzzle 12,XXXXXXXXXXXXXXXXXXXXXXXXXXXXXXXXXXXXXXXXXXXXXXXXXXXXXXXXXXXXXXXXXXXXXXXXXXXXXXXXXXXXXXXXXXXXXXXXXXXXXXXXXXXXXXXXXXXXXXXXXXXXX (125nt),125nt,DMS,StandardState,DMS
RMDB_RNAPZ12_DMS_0003,RNA Puzzle 12,XXXXXXXXXXXXXXXXXXXXXXXXXXXXXXXXXXXXXXXXXXXXXXXXXXXXXXXXXXXXXXXXXXXXXXXXXXXXXXXXXXXXXXXXXXXXXXXXXXXXXXXXXXXXXXXXXXXXXXXXXXXXX (125nt),125nt,DMS,MutateAndMap,DMS
RMDB_RNAPZ12_MCA_0000,RNA Puzzle 12,XXXXXXXXXXXXXXXXXXXXXXXXXXXXXXXXXXXXXXXXXXXXXXXXXXXXXXXXXXXXXXXXXXXXXXXXXXXXXXXXXXXXXXXXXXXXXXXXXXXXXXXXXXXXXXXXXXXXXXXXXXXXXXXXXXXXXXXXXXXXXXXX (144nt),144nt,MCA,,
RMDB_RNAPZ12_MCA_0001,RNA Puzzle 12,XXXXXXXXXXXXXXXXXXXXXXXXXXXXXXXXXXXXXXXXXXXXXXXXXXXXXXXXXXXXXXXXXXXXXXXXXXXXXXXXXXXXXXXXXXXXXXXXXXXXXXXXXXXXXXXXXXXXXXXXXXXXXXXXXXXXXXXXXXXXXXXX (144nt),144nt,MCA,,
RMDB_RNAPZ12_MCA_0002,RNA Puzzle 12,XXXXXXXXXXXXXXXXXXXXXXXXXXXXXXXXXXXXXXXXXXXXXXXXXXXXXXXXXXXXXXXXXXXXXXXXXXXXXXXXXXXXXXXXXXXXXXXXXXXXXXXXXXXXXXXXXXXXXXXXXXXXXXXXXXXXXXXXXXXXXXXX (144nt),144nt,MCA,,
RMDB_RNAPZ12_MCA_0003,RNA Puzzle 12,XXXXXXXXXXXXXXXXXXXXXXXXXXXXXXXXXXXXXXXXXXXXXXXXXXXXXXXXXXXXXXXXXXXXXXXXXXXXXXXXXXXXXXXXXXXXXXXXXXXXXXXXXXXXXXXXXXXXXXXXXXXXXXXXXXXXXXXXXXXXXXXX (144nt),144nt,MCA,,
RMDB_RNAPZ13_1M7_0001,RNA Puzzle 13,XXXXXXXXXXXXXXXXXXXXXXXXXXXXXXXXXXXXXXXXXXXXXXXXXXXXXXXXXXXXXXXXXXXXXXX (71nt),71nt,1M7,MutateAndMap,SHAPE
RMDB_RNAPZ13_1M7_0002,RNA Puzzle 13,XXXXXXXXXXXXXXXXXXXXXXXXXXXXXXXXXXXXXXXXXXXXXXXXXXXXXXXXXXXXXXXXXXXXXXX (71nt),71nt,1M7,MutateAndMap,SHAPE
RMDB_RNAPZ13_1M7_0003,RNA Puzzle 13,XXXXXXXXXXXXXXXXXXXXXXXXXXXXXXXXXXXXXXXXXXXXXXXXXXXXXXXXXXXXXXXXXXXXXXX (71nt),71nt,1M7,MutateAndMap,SHAPE
RMDB_RNAPZ13_DMS_0001,RNA Puzzle 13,XXXXXXXXXXXXXXXXXXXXXXXXXXXXXXXXXXXXXXXXXXXXXXXXXXXXXXXXXXXXXXXXXXXXXXX (71nt),71nt,DMS,MutateAndMap,DMS
RMDB_RNAPZ13_DMS_0002,RNA Puzzle 13,XXXXXXXXXXXXXXXXXXXXXXXXXXXXXXXXXXXXXXXXXXXXXXXXXXXXXXXXXXXXXXXXXXXXXXX (71nt),71nt,DMS,MutateAndMap,DMS
RMDB_RNAPZ13_DMS_0003,RNA Puzzle 13,XXXXXXXXXXXXXXXXXXXXXXXXXXXXXXXXXXXXXXXXXXXXXXXXXXXXXXXXXXXXXXXXXXXXXXX (71nt),71nt,DMS,MutateAndMap,DMS
RMDB_RNAPZ13_HRF_0000,RNA Puzzle 13,XXXXXXXXXXXXXXXXXXXXXXXXXXXXXXXXXXXXXXXXXXXXXXXXXXXXXXXXXXXXXXXXXXXXXXX (71nt),71nt,HRF,StandardState,HRF
RMDB_RNAPZ13_MCA_0000,RNA Puzzle 13,XXXXXXXXXXXXXXXXXXXXXXXXXXXXXXXXXXXXXXXXXXXXXXXXXXXXXXXXXXXXXXXXXXXXXXX (71nt),71nt,MCA,,
RMDB_RNAPZ13_MCA_0001,RNA Puzzle 13,XXXXXXXXXXXXXXXXXXXXXXXXXXXXXXXXXXXXXXXXXXXXXXXXXXXXXXXXXXXXXXXXXXXXXXX (71nt),71nt,MCA,,
RMDB_RNAPZ13_NMD_0003,RNA Puzzle 13,XXXXXXXXXXXXXXXXXXXXXXXXXXXXXXXXXXXXXXXXXXXXXXXXXXXXXXXXXXXXXXXXXXXXXXX (71nt),71nt,NMD,MutateAndMap,nomod
RMDB_RNAPZ13_STD_0000,RNA Puzzle 13,XXXXXXXXXXXXXXXXXXXXXXXXXXXXXXXXXXXXXXXXXXXXXXXXXXXXXXXXXXXXXXXXXXXXXXX (71nt),71nt,STD,StandardState,1M7
RMDB_RNAPZ14_1M7_0000,RNA Puzzle 14,XXXXXXXXXXXXXXXXXXXXXXXXXXXXXXXXXXXXXXXXXXXXXXXXXXXXXXXXXXXXX (61nt),61nt,1M7,MutateAndMap,1M7
RMDB_RNAPZ14_1M7_0001,RNA Puzzle 14,XXXXXXXXXXXXXXXXXXXXXXXXXXXXXXXXXXXXXXXXXXXXXXXXXXXXXXXXXXXXX (61nt),61nt,1M7,MutateAndMap,1M7
RMDB_RNAPZ14_1M7_0002,RNA Puzzle 14,XXXXXXXXXXXXXXXXXXXXXXXXXXXXXXXXXXXXXXXXXXXXXXXXXXXXXXXXXXXXX (61nt),61nt,1M7,MutateAndMap,1M7
RMDB_RNAPZ14_1M7_0003,RNA Puzzle 14,XXXXXXXXXXXXXXXXXXXXXXXXXXXXXXXXXXXXXXXXXXXXXXXXXXXXXXXXXXXXX (61nt),61nt,1M7,MutateAndMap,1M7
RMDB_RNAPZ14_1M7_0004,RNA Puzzle 14,GGAACAGCUCGAGUAGAGCUGAAAUUGCGUUGACCCAGGAAACUGGGCGGAAGUAAGGCCCAUUGCACUCCGGGCCUGAAGCAACGCGAAACGCAUCGAGUAGAUGCGAACAAAGAAACAACAACAACAAC (131nt),131nt,1M7,MutateAndMap,SHAPE
RMDB_RNAPZ14_1M7_0005,RNA Puzzle 14,GGAACAGCUCGAGUAGAGCUGAAAUUGCGUUGACCCAGGAAACUGGGCGGAAGUAAGGCCCAUUGCACUCCGGGCCUGAAGCAACGCGAAACGCAUCGAGUAGAUGCGAACAAAGAAACAACAACAACAAC (131nt),131nt,1M7,MutateAndMap,SHAPE
RMDB_RNAPZ14_1M7_0006,"RNA Puzzle 14, Free",GGAACAGCUCGAGUAGAGCUGAAAUUGCGUUGGCCCAGGAAACUGGGUGGAAGUAAGGCCCAUUGCACUCCGGGCCUGAAGCAACGCUAAACGCAUCGAGUAGAUGCGAACAAAGAAACAACAACAACAAC (131nt),131nt,1M7,MutateAndMap,SHAPE
RMDB_RNAPZ14_1M7_0007,"RNA Puzzle 14, Free",GGAACAGCUCGAGUAGAGCUGAAAUUGCGUUGGCCCAGGAAACUGGGUGGAAGUAAGGCCCAUUGCACUCCGGGCCUGAAGCAACGCUAAACGCAUCGAGUAGAUGCGAACAAAGAAACAACAACAACAAC (131nt),131nt,1M7,MutateAndMap,SHAPE
RMDB_RNAPZ14_HRF_0000,RNA Puzzle 14,XXXXXXXXXXXXXXXXXXXXXXXXXXXXXXXXXXXXXXXXXXXXXXXXXXXXXXXXXXXXX (61nt),61nt,HRF,StandardState,HRF
RMDB_RNAPZ14_HRF_0001,RNA Puzzle 14,XXXXXXXXXXXXXXXXXXXXXXXXXXXXXXXXXXXXXXXXXXXXXXXXXXXXXXXXXXXXX (61nt),61nt,HRF,StandardState,HRF
RMDB_RNAPZ14_HRF_0002,RNA Puzzle 14,CGUUGACCCAGGAAACUGGGCGGAAGUAAGGCCCAUUGCACUCCGGGCCUGAAGCAACGCG (61nt),61nt,HRF,StandardState,HRF
RMDB_RNAPZ14_HRF_0003,RNA Puzzle 14,CGUUGGCCCAGGAAACUGGGUGGAAGUAAGGCCCAUUGCACUCCGGGCCUGAAGCAACGCU (61nt),61nt,HRF,StandardState,HRF
RMDB_RNAPZ14_MCA_0000,RNA Puzzle 14,XXXXXXXXXXXXXXXXXXXXXXXXXXXXXXXXXXXXXXXXXXXXXXXXXXXXXXXXXXXXX (61nt),61nt,MCA,,
RMDB_RNAPZ14_MCA_0001,RNA Puzzle 14,XXXXXXXXXXXXXXXXXXXXXXXXXXXXXXXXXXXXXXXXXXXXXXXXXXXXXXXXXXXXX (61nt),61nt,MCA,,
RMDB_RNAPZ14_MCA_0002,RNA Puzzle 14,XXXXXXXXXXXXXXXXXXXXXXXXXXXXXXXXXXXXXXXXXXXXXXXXXXXXXXXXXXXXX (61nt),61nt,MCA,,
RMDB_RNAPZ14_MCA_0003,RNA Puzzle 14,XXXXXXXXXXXXXXXXXXXXXXXXXXXXXXXXXXXXXXXXXXXXXXXXXXXXXXXXXXXXX (61nt),61nt,MCA,,
RMDB_RNAPZ14_MCA_0004,Bound,XGGCGUUGACCCAGGAAACUGGGCGGAAGUAAGGCCCAUUGCACUCCGGGCCUGAAGCAACGCGXCUGUAGGCACCAUCAAU (82nt),82nt,MCA,,
RMDB_RNAPZ14_MCA_0005,Bound,XGGCGUUGACCCAGGAAACUGGGCGGAAGUAAGGCCCAUUGCACUCCGGGCCUGAAGCAACGCGXCUGUAGGCACCAUCAAU (82nt),82nt,MCA,,
RMDB_RNAPZ14_MCA_0006,Free,XGGCGUUGGCCCAGGAAACUGGGUGGAAGUAAGGCCCAUUGCACUCCGGGCCUGAAGCAACGCUXCUGUAGGCACCAUCAAU (82nt),82nt,MCA,,
RMDB_RNAPZ14_MCA_0007,Free,XGGCGUUGGCCCAGGAAACUGGGUGGAAGUAAGGCCCAUUGCACUCCGGGCCUGAAGCAACGCUXCUGUAGGCACCAUCAAU (82nt),82nt,MCA,,
RMDB_RNAPZ14_STD_0000,RNA Puzzle 14,XXXXXXXXXXXXXXXXXXXXXXXXXXXXXXXXXXXXXXXXXXXXXXXXXXXXXXXXXXXXX (61nt),61nt,STD,StandardState,1M7
RMDB_RNAPZ14_STD_0001,RNA Puzzle 14,XXXXXXXXXXXXXXXXXXXXXXXXXXXXXXXXXXXXXXXXXXXXXXXXXXXXXXXXXXXXX (61nt),61nt,STD,StandardState,1M7
RMDB_RNAPZ14_STD_0002,RNA Puzzle 14,CGUUGACCCAGGAAACUGGGCGGAAGUAAGGCCCAUUGCACUCCGGGCCUGAAGCAACGCG (61nt),61nt,STD,StandardState,1M7
RMDB_RNAPZ14_STD_0003,RNA Puzzle 14,CGUUGGCCCAGGAAACUGGGUGGAAGUAAGGCCCAUUGCACUCCGGGCCUGAAGCAACGCU (61nt),61nt,STD,StandardState,1M7
RMDB_RNAPZ18_1M7_0000,RNA Puzzle 18,GGGUCAGGCCGGCGAAAGUCGCCACAGUUUGGGGAAAGCUGUGCAGCCUGUAACCCCCCCACGAAAGUGGG (71nt),71nt,1M7,MutateAndMap,1M7
RMDB_RNAPZ18_STD_0000,RNA Puzzle 18,GGCCAAAGGCGUCGAGUAGACGCCGGGUCAGGCCGGCGAAAGUCGCCACAGUUUGGGGAAAGCUGUGCAGCCUGUAACCCCCCCACGAAAGUGGGAAACAAACGUCAGCGAGUAGCUGACAAAAAGAAACAACAACAACAAC (142nt),142nt,STD,StandardState,1M7
RMDB_RNAPZ5_1M7_0002,,,,1M7,,
RMDB_RNAPZ5_DMS_0002,,,,DMS,,
RMDB_RNAPZ5_HRF_0001,,,,HRF,,
RMDB_RNAPZ5_MCA_0000,RNA Puzzle 5,XGGAAGCCCGAGUAGGGCCAGGUUGGGUUGGGAAGUAUCAUGGCUAAUCACCAUGAUGCAAUCGGGUUGAACACUUAAUUGGGUUAAAACGGUGGGGGACGAUCCCGUAACAUCCGUCCUAACGGCGACAGACUGCACGGCCCUGCCUCUUAGGUGUGUUCAAUGAACAGUCGUUCCGAAAGGAAGCAUCCGGUAUCCCAAGACAAUCAGCGCGAGUAGCGCAACGAAAGAAACAACAACAACAACXCUGUAGGCACCAUCAAU (264nt),264nt,MCA,,
RMDB_RNAPZ5_MCA_0001,RNA Puzzle 5,XGGAAGCCCGAGUAGGGCCAGGUUGGGUUGGGAAGUAUCAUGGCUAAUCACCAUGAUGCAAUCGGGUUGAACACUUAAUUGGGUUAAAACGGUGGGGGACGAUCCCGUAACAUCCGUCCUAACGGCGACAGACUGCACGGCCCUGCCUCUUAGGUGUGUUCAAUGAACAGUCGUUCCGAAAGGAAGCAUCCGGUAUCCCAAGACAAUCAGCGCGAGUAGCGCAACGAAAGAAACAACAACAACAACXCUGUAGGCACCAUCAAU (264nt),264nt,MCA,,
RMDB_RNAPZ5_MCA_0002,RNA Puzzle 5,XGGAAGCCCGAGUAGGGCCAGGUUGGGUUGGGAAGUAUCAUGGCUAAUCACCAUGAUGCAAUCGGGUUGAACACUUAAUUGGGUUAAAACGGUGGGGGACGAUCCCGUAACAUCCGUCCUAACGGCGACAGACUGCACGGCCCUGCCUCUUAGGUGUGUUCAAUGAACAGUCGUUCCGAAAGGAAGCAUCCGGUAUCCCAAGACAAUCAGCGCGAGUAGCGCAACGAAAGAAACAACAACAACAACXCUGUAGGCACCAUCAAU (264nt),264nt,MCA,,
RMDB_RNAPZ5_NMD_0002,,,,NMD,,
RMDB_RNAPZ5_RSQ_0001,RNA Puzzle 5,GGUUGGGUUGGGAAGUAUCAUGGCUAAUCACCAUGAUGCAAUCGGGUUGAACACUUAAUUGGGUUAAAACGGUGGGGGACGAUCCCGUAACAUCCGUCCUAACGGCGACAGACUGCACGGCCCUGCCUCUUAGGUGUGUUCAAUGAACAGUCGUUCCGAAAGGAAGCAUCCGGUAUCCCAAGACAAUC (188nt),188nt,RSQ,MutationRescue,1M7
RMDB_RNAPZ5_STD_0000,,,,STD,,
RMDB_RNAPZ6_1M7_0002,,,,1M7,,
RMDB_RNAPZ6_MCA_0000,RNA Puzzle 6,XGGAACAGCCCGAGUAGGGCCGGCAGGUGCUCCCGACCCUGCGGUCGGGAGUUAAAAGGGAAGCCGGUGCAAGUCCGGCACGGUCCCGCCACUGUGACGGGGAGUCGCCCCUCGGGAUGUGCCACUGGCCCGAAGGCCGGGAAGGCGGAGGGGCGGCGAGGAUCCGGAGUCAGGAAACCUGCCUGCCGGCGCGAGUAGCGCAAACGAAAGAAACAACAACAACAACXCUGUAGGCACCAUCAAU (244nt),244nt,MCA,,
RMDB_RNAPZ6_MCA_0001,RNA Puzzle 6,XGGAACAGCCCGAGUAGGGCCGGCAGGUGCUCCCGACCCUGCGGUCGGGAGUUAAAAGGGAAGCCGGUGCAAGUCCGGCACGGUCCCGCCACUGUGACGGGGAGUCGCCCCUCGGGAUGUGCCACUGGCCCGAAGGCCGGGAAGGCGGAGGGGCGGCGAGGAUCCGGAGUCAGGAAACCUGCCUGCCGGCGCGAGUAGCGCAAACGAAAGAAACAACAACAACAACXCUGUAGGCACCAUCAAU (244nt),244nt,MCA,,
RMDB_RNAPZ6_MCA_0002,RNA Puzzle 6,XGGAACAGCCCGAGUAGGGCCGGCAGGUGCUCCCGACCCUGCGGUCGGGAGUUAAAAGGGAAGCCGGUGCAAGUCCGGCACGGUCCCGCCACUGUGACGGGGAGUCGCCCCUCGGGAUGUGCCACUGGCCCGAAGGCCGGGAAGGCGGAGGGGCGGCGAGGAUCCGGAGUCAGGAAACCUGCCUGCCGGCGCGAGUAGCGCAAACGAAAGAAACAACAACAACAACXCUGUAGGCACCAUCAAU (244nt),244nt,MCA,,
RMDB_RNAPZ6_MCA_0003,RNA Puzzle 6,XGGAACAGCCCGAGUAGGGCCGGCAGGUGCUCCCGACCCUGCGGUCGGGAGUUAAAAGGGAAGCCGGUGCAAGUCCGGCACGGUCCCGCCACUGUGACGGGGAGUCGCCCCUCGGGAUGUGCCACUGGCCCGAAGGCCGGGAAGGCGGAGGGGCGGCGAGGAUCCGGAGUCAGGAAACCUGCCUGCCGGCGCGAGUAGCGCAAACGAAAGAAACAACAACAACAACXCUGUAGGCACCAUCAAU (244nt),244nt,MCA,,
RMDB_RNAPZ6_MCA_0004,RNA Puzzle 6,XGGAACAGCCCGAGUAGGGCCGGCAGGUGCUCCCGACCCUGCGGUCGGGAGUUAAAAGGGAAGCCGGUGCAAGUCCGGCACGGUCCCGCCACUGUGACGGGGAGUCGCCCCUCGGGAUGUGCCACUGGCCCGAAGGCCGGGUUGGCGGAGGGGCGGCGAGGAUCCGGAGUCAGGAAACCUGCCUGCCGGCGCGAGUAGCGCAAACGAAAGAAACAACAACAACAACXCUGUAGGCACCAUCAAU (244nt),244nt,MCA,,
RMDB_RNAPZ6_MCA_0005,RNA Puzzle 6,XGGAACAGCCCGAGUAGGGCCGGCAGGUGCUCCCGACCCUGCGGUCGGGAGUUAAAAGGGAAGCCGGUGCAAGUCCGGCACGGUCCCGCCACUGUGACGGGGAGUCGCCCCUCGGGAUGUGCCACUGGCCCGAAGGCCGGGUUGGCGGAGGGGCGGCGAGGAUCCGGAGUCAGGAAACCUGCCUGCCGGCGCGAGUAGCGCAAACGAAAGAAACAACAACAACAACXCUGUAGGCACCAUCAAU (244nt),244nt,MCA,,
RMDB_RNAPZ6_MCA_0006,RNA Puzzle 6,XGGAACAGCCCGAGUAGGGCCGGCAGGUGCUCCCGACCCUGCGGUCGGGAGUUAAAAGGGAAGCCGGUGCAAGUCCGGCACGGUCCCGCCACUGUGACGGGGAGUCGCCCCUCGGGAUGUGCCACUGGCCCGAAGGCCGGGUUGGCGGAGGGGCGGCGAGGAUCCGGAGUCAGGAAACCUGCCUGCCGGCGCGAGUAGCGCAAACGAAAGAAACAACAACAACAACXCUGUAGGCACCAUCAAU (244nt),244nt,MCA,,
RMDB_RNAPZ6_MCA_0007,RNA Puzzle 6,XGGAACAGCCCGAGUAGGGCCGGCAGGUGCUCCCGACCCUGCGGUCGGGAGUUAAAAGGGAAGCCGGUGCAAGUCCGGCACGGUCCCGCCACUGUGACGGGGAGUCGCCCCUCGGGAUGUGCCACUGGCCCGAAGGCCGGGUUGGCGGAGGGGCGGCGAGGAUCCGGAGUCAGGAAACCUGCCUGCCGGCGCGAGUAGCGCAAACGAAAGAAACAACAACAACAACXCUGUAGGCACCAUCAAU (244nt),244nt,MCA,,
RMDB_RNAPZ6_STD_0001,,,,STD,,
RMDB_RNAPZ7_1M7_0001,RNA Puzzle 7,GCGCUGUGUCGCAAUCUGCGAAGGGCGUCGUCGGCCCAAGCGGUAGUAAGCAGGGAACUCACCUCCAAUGAAACACAUUGUCGUAGCAGUUGACUACUGUUAUGUGAUUGGUAGAGGCUAAGUGACGGUAUUGGCGUAAGCCAAUACCGCAGCACAGCACAAGCCCGCUUGCGAGAUUACAGCGC (185nt),185nt,1M7,MutateAndMap,SHAPE
RMDB_RNAPZ7_DMS_0001,RNA Puzzle 7,GCGCUGUGUCGCAAUCUGCGAAGGGCGUCGUCGGCCCAAGCGGUAGUAAGCAGGGAACUCACCUCCAAUGAAACACAUUGUCGUAGCAGUUGACUACUGUUAUGUGAUUGGUAGAGGCUAAGUGACGGUAUUGGCGUAAGCCAAUACCGCAGCACAGCACAAGCCCGCUUGCGAGAUUACAGCGC (185nt),185nt,DMS,MutateAndMap,DMS
RMDB_RNAPZ7_MCA_0000,RNA Puzzle 7,XGGAGACCUCGAGUAGAGGUCAAAGCGCUGUGUCGCAAUCUGCGAAGGGCGUCGUCGGCCCAAGCGGUAGUAAGCAGGGAACUCACCUCCAAUGAAACACAUUGUCGUAGCAGUUGACUACUGUUAUGUGAUUGGUAGAGGCUAAGUGACGGUAUUGGCGUAAGCCAAUACCGCAGCACAGCACAAGCCCGCUUGCGAGAUUACAGCGCAAACAACUCGAGUAGAGUUGACAACAAAGAAACAACAACAACAACXCUGUAGGCACCAUCAAU (272nt),272nt,MCA,,
RMDB_RNAPZ7_MCA_0001,RNA Puzzle 7,XGGAGACCUCGAGUAGAGGUCAAAGCGCUGUGUCGCAAUCUGCGAAGGGCGUCGUCGGCCCAAGCGGUAGUAAGCAGGGAACUCACCUCCAAUGAAACACAUUGUCGUAGCAGUUGACUACUGUUAUGUGAUUGGUAGAGGCUAAGUGACGGUAUUGGCGUAAGCCAAUACCGCAGCACAGCACAAGCCCGCUUGCGAGAUUACAGCGCAAACAACUCGAGUAGAGUUGACAACAAAGAAACAACAACAACAACXCUGUAGGCACCAUCAAU (272nt),272nt,MCA,,
RMDB_RNAPZ7_NMD_0001,RNA Puzzle 7,GCGCUGUGUCGCAAUCUGCGAAGGGCGUCGUCGGCCCAAGCGGUAGUAAGCAGGGAACUCACCUCCAAUGAAACACAUUGUCGUAGCAGUUGACUACUGUUAUGUGAUUGGUAGAGGCUAAGUGACGGUAUUGGCGUAAGCCAAUACCGCAGCACAGCACAAGCCCGCUUGCGAGAUUACAGCGC (185nt),185nt,NMD,MutateAndMap,nomod
RMDB_RNAPZ7_STD_0001,RNA Puzzle 7,GGAAGCGCUGUGUCGCAAUCUGCGAAGGGCGUCGUCGGCCCAAGCGGUAGUAAGCAGGGAACUCACCUCCAAUGAAACAAAAAACAUUGUCGUAGCAGUUGACUACUGUUAUGUGAUUGGUAGAGGCUAAGUGACGGUAUUGGCGUAAGCCAAUACCGCAGCACAGCACAAGCCCGCUUGCGAGAUUACAGCGCAACAACAAAGAAACAACAACAACAAC (220nt),220nt,STD,StandardState,1M7
RMDB_RNAPZ8_1M7_0001,RNA Puzzle 8,GGAUCACGAGGGGGAGACCCCGGCAACCUGGGACGGACACCCAAGGUGCUCACACCGGAGACGGUGGAUCCGGCCCGAGAGGGCAACGAAGUCCGU (96nt),96nt,1M7,MutateAndMap,SHAPE
RMDB_RNAPZ8_CMCT_0001,RNA Puzzle 8,GGAUCACGAGGGGGAGACCCCGGCAACCUGGGACGGACACCCAAGGUGCUCACACCGGAGACGGUGGAUCCGGCCCGAGAGGGCAACGAAGUCCGU (96nt),96nt,CMCT,MutateAndMap,CMCT
RMDB_RNAPZ8_DMS_0001,RNA Puzzle 8,GGAUCACGAGGGGGAGACCCCGGCAACCUGGGACGGACACCCAAGGUGCUCACACCGGAGACGGUGGAUCCGGCCCGAGAGGGCAACGAAGUCCGU (96nt),96nt,DMS,MutateAndMap,DMS
RMDB_RNAPZ8_HRF_0001,RNA puzzle 8,GGAUCACGAGGGGGAGACCCCGGCAACCUGGGACGGACACCCAAGGUGCUCACACCGGAGACGGUGGAUCCGGCCCGAGAGGGCAACGAAGUCCGU (96nt),96nt,HRF,,"Average HRF, 0 mM SAM"
RMDB_RNAPZ8_NMD_0001,RNA Puzzle 8,GGAUCACGAGGGGGAGACCCCGGCAACCUGGGACGGACACCCAAGGUGCUCACACCGGAGACGGUGGAUCCGGCCCGAGAGGGCAACGAAGUCCGU (96nt),96nt,NMD,MutateAndMap,nomod
RMDB_RNAPZ8_STD_0001,RNA Puzzle 8,GGAUCACGAGGGGGAGACCCCGGCAACCUGGGACGGACACCCAAGGUGCUCACACCGGAGACGGUGGAUCCGGCCCGAGAGGGCAACGAAGUCCGU (96nt),96nt,STD,StandardState,1M7
RMDB_RNAPZ9_1M7_0001,RNA Puzzle 9,GGACACUGAUGAUCGCGUGGAUAUGGCACGCAUUGAAUUGUUGGACACCGUAAAUGUCCUAACACGUGUCC (71nt),71nt,1M7,MutateAndMap,SHAPE
RMDB_RNAPZ9_ALG_0001,RNA Puzzle 9,GGACACUGAUGAUCGCGUGGAUAUGGCACGCAUUGAAUUGUUGGACACCGUAAAUGUCCUAACACGUGUCC (71nt),71nt,ALG,StandardState,1M7
RMDB_RNAPZ9_CMCT_0001,RNA Puzzle 9,GGACACUGAUGAUCGCGUGGAUAUGGCACGCAUUGAAUUGUUGGACACCGUAAAUGUCCUAACACGUGUCC (71nt),71nt,CMCT,MutateAndMap,CMCT
RMDB_RNAPZ9_DMS_0001,RNA Puzzle 9,GGACACUGAUGAUCGCGUGGAUAUGGCACGCAUUGAAUUGUUGGACACCGUAAAUGUCCUAACACGUGUCC (71nt),71nt,DMS,MutateAndMap,DMS
RMDB_RNAPZ9_HRF_0001,RNA puzzle 9,GGACACUGAUGAUCGCGUGGAUAUGGCACGCAUUGAAUUGUUGGACACCGUAAAUGUCCUAACACGUGUCC (71nt),71nt,HRF,,AverageNoLigandHRF
RMDB_RNAPZ9_NMD_0001,RNA Puzzle 9,GGACACUGAUGAUCGCGUGGAUAUGGCACGCAUUGAAUUGUUGGACACCGUAAAUGUCCUAACACGUGUCC (71nt),71nt,NMD,MutateAndMap,nomod
RMDB_RNAPZ9_STD_0001,RNA Puzzle 9,GGACACUGAUGAUCGCGUGGAUAUGGCACGCAUUGAAUUGUUGGACACCGUAAAUGUCCUAACACGUGUCC (71nt),71nt,STD,StandardState,1M7
