dataset	qseqid	sseqid	pident	length	mismatch	gapopen	qstart	qend	sstart	send	evalue	bitscore	qcovs	pdb_id	source_file	source_name	source_group_id	source_sequence	source_structure	source_sequence_length	source_sequence_type	source_annotation_data_id	foldbridge_id
RASP		1XJR_A	97.561000000000007	41							2.61E-13		100	1XJR		NC_045512.2:29728..29768		UUCACCGAGGCCACGCGGAGUACGAUCGAGUGUACAGUGAA		41		SARS-CoV-2	RASP_NC_045512.2:29728..29768
RASP		7B9V_E	100	47							4.4099999999999996E-18		100	7B9V		exon:II:407123:407169		AUGUCUUCUUCUAAACGUAUUGCUAAAGAACUAAGUGAUCUAGAAAG		47		Yeast	RASP_exon:II:407123:407169
RASP		6SPG_B	94.783000000000001	115							2.6500000000000001E-46		99	6SPG		rna-PP_RS00835		CUUGACGACCAUAGAGCAUUGGAACCACCUGAUCCCAUCCCGAACUCAGUAGUGAAACGAUGCAUCGCCGAUGGUAGUGUGGGGUUUCCCCAUGUGAGAGUAGGUCAUCGUCAAGA		116		Pputida	RASP_rna-PP_RS00835
RASP		8YUS_X	97.403000000000006	77							2.4899999999999999E-31		100	8YUS		rna-PP_RS02040		GGGCCUAUAGCUCAGUUGGUUAGAGCAGAGGACUCAUAAUCCUUUGGUCCACGGUUCGAGUCCGUGUGGGCCCACCA		77		P_putida	RASP_rna-PP_RS02040
RASP		8RGW_B	96.161000000000001	1537							0		100	8RWG		rna-PP_RS02295		GAACUGAAGAGUUUGAUCAUGGCUCAGAUUGAACGCUGGCGGCAGGCCUAACACAUGCAAGUCGAGCGGAUGACGGGAGCUUGCUCCUUGAUUCAGCGGCGGACGGGUGAGUAAUGCCUAGGAAUCUGCCUGGUAGUGGGGGACAACGUUUCGAAAGGAACGCUAAUACCGCAUACGUCCUACGGGAGAAAGCAGGGGACCUUCGGGCCUUGCGCUAUCAGAUGAGCCUAGGUCGGAUUAGCUAGUUGGUGGGGUAAUGGCUCACCAAGGCGACGAUCCGUAACUGGUCUGAGAGGAUGAUCAGUCACACUGGAACUGAGACACGGUCCAGACUCCUACGGGAGGCAGCAGUGGGGAAUAUUGGACAAUGGGCGAAAGCCUGAUCCAGCCAUGCCGCGUGUGUGAAGAAGGUCUUCGGAUUGUAAAGCACUUUAAGUUGGGAGGAAGGGCAGUAAGUUAAUACCUUGCUGUUUUGACGUUACCGACAGAAUAAGCACCGGCUAACUCUGUGCCAGCAGCCGCGGUAAUACAGAGGGUGCAAGCGUUAAUCGGAAUUACUGGGCGUAAAGCGCGCGUAGGUGGUUUGUUAAGUUGGAUGUGAAAGCCCCGGGCUCAACCUGGGAACUGCAUCCAAAACUGGCAAGCUAGAGUACGGUAGAGGGUGGUGGAAUUUCCUGUGUAGCGGUGAAAUGCGUAGAUAUAGGAAGGAACACCAGUGGCGAAGGCGACCACCUGGACUGAUACUGACACUGAGGUGCGAAAGCGUGGGGAGCAAACAGGAUUAGAUACCCUGGUAGUCCACGCCGUAAACGAUGUCAACUAGCCGUUGGAAUCCUUGAGAUUUUAGUGGCGCAGCUAACGCAUUAAGUUGACCGCCUGGGGAGUACGGCCGCAAGGUUAAAACUCAAAUGAAUUGACGGGGGCCCGCACAAGCGGUGGAGCAUGUGGUUUAAUUCGAAGCAACGCGAAGAACCUUACCAGGCCUUGACAUGCAGAGAACUUUCCAGAGAUGGAUUGGUGCCUUCGGGAACUCUGACACAGGUGCUGCAUGGCUGUCGUCAGCUCGUGUCGUGAGAUGUUGGGUUAAGUCCCGUAACGAGCGCAACCCUUGUCCUUAGUUACCAGCACGUUAUGGUGGGCACUCUAAGGAGACUGCCGGUGACAAACCGGAGGAAGGUGGGGAUGACGUCAAGUCAUCAUGGCCCUUACGGCCUGGGCUACACACGUGCUACAAUGGUCGGUACAGAGGGUUGCCAAGCCGCGAGGUGGAGCUAAUCUCACAAAACCGAUCGUAGUCCGGAUCGCAGUCUGCAACUCGACUGCGUGAAGUCGGAAUCGCUAGUAAUCGCGAAUCAGAAUGUCGCGGUGAAUACGUUCCCGGGCCUUGUACACACCGCCCGUCACACCAUGGGAGUGGGUUGCACCAGAAGUAGCUAGUCUAACCUUCGGGGGGACGGUUACCACGGUGUGAUUCAUGACUGGGGUGAAGUCGUAACAAGGUAGCCGUAGGGGAACCUGCGGCUGGAUCACCUCCUUA		1537		Pputida	RASP_rna-PP_RS02295
RASP		6GSK_3L	93.22	59							9.3100000000000005E-18		77	6GSK		rna-PP_RS03150		AGGUCUGUAGCUCAGUUGGUUAGAGCGCACCCCUGAUAAGGGUGAGGUCGGCAGUUCAAAUCUGCCCAGACCUACCA		77		Pputida	RASP_rna-PP_RS03150
RASP		8S1U_c	96.052999999999997	76							3.6399999999999997E-29		100	8S1U		rna-PP_RS03155		GGGGCCAUAGCUCAGCUGGGAGAGCGCCUGCCUUGCACGCAGGAGGUCAGCGGUUCGAUCCCGCUUGGCUCCACCA		76		Pputida	RASP_rna-PP_RS03155
RASP		7UNW_A	96.061000000000007	2894							0		100	7UNW		rna-PP_RS03160		GGUCAAGUGAAGAAGCGCAUACGGUGGAUGCCUUGGCAGUCAGAGGCGAUGAAAGACGUGGUAGCCUGCGAUAAGCUUUGGGGAGUCGGCAAACAGACUGUGAUCCAGAGAUCUCUGAAUGGGGGAACCCAGCCAGCAUAAGCUGGUUAUCUUGUACUGAAUACAUAGGUGCAAGAGGCGAACCAGGGGAACUGAAACAUCUAAGUACCCUGAGGAAAAGAAAUCAACCGAGAUUCCCUUAGUAGUGGCGAGCGAACGGGGACCAGCCCUUAAGUUGAUUUGAGAUUAGUGGAACGCUCUGGAAAGUGCGGCCAUAGUGGGUGAUAGCCCCGUACACGAAAAUCUCUUGUCAAUGAAAUCGAGUAGGACGGAGCACGAGAAACUUUGUCUGAAUAUGGGGGGACCAUCCUCCAAGGCUAAAUACUACUGACUGACCGAUAGUGAACCAGUACCGUGAGGGAAAGGCGAAAAGAACCCCGGAGAGGGGAGUGAAAUAGAACCUGAAACCGUAUGCGUACAAGCAGUGGGAGCCUACUUUGUUAGGUGACUGCGUACCUUUUGUAUAAUGGGUCAGCGACUUAUAUUCAGUGGCGAGCUUAACCGAAUAGGGGAGGCGUAGCGAAAGCGAGUCUUAAUAGGGCGUUUAGUCGCUGGGUAUAGACCCGAAACCGGGCGAUCUAUCCAUGGGCAGGUUGAAGGUUAGGUAACACUGACUGGAGGACCGAACCGACUACCGUUGAAAAGUUAGCGGAUGACCUGUGGAUCGGAGUGAAAGGCUAAUCAAGCUCGGAGAUAGCUGGUUCUCCUCGAAAGCUAUUUAGGUAGCGCCUCAUGUAUCACUGUAGGGGGUAGAGCACUGUUUCGGCUAGGGGGUCAUCCCGACUUACCAAACCGAUGCAAACUCCGAAUACCUACAAGUGCCGAGCAUGGGAGACACACGGCGGGUGCUAACGUCCGUCGUGAAAAGGGAAACAACCCAGACCGUCAGCUAAGGUCCCAAAGUCAUGGUUAAGUGGGAAACGAUGUGGGAAGGCUUAGACAGCUAGGAGGUUGGCUUAGAAGCAGCCACCCUUUAAAGAAAGCGUAAUAGCUCACUAGUCGAGUCGGCCUGCGCGGAAGAUGUAACGGGGCUCAAACCAUGCACCGAAGCUACGGGUAUCAUCUUAUGAUGAUGCGGUAGAGGAGCGUUCUGUAAGCCUGUGAAGGUGAGUUGAGAAGCUUGCUGGAGGUAUCAGAAGUGCGAAUGCUGACAUGAGUAACGACAAUGCGAGUGAAAAACUCGCACGCCGAAAGACCAAGGUUUCCUGCGCAACGUUAAUCGACGCAGGGUUAGUCGGUCCCUAAGGCGAGGCUGAAAAGCGUAGUCGAUGGAAAACAGGUUAAUAUUCCUGUACUUCCAGUUAUUGCGAUGGAGGGACGGAGAAGGUUAGGCCAGCCUGGCGUUGGUUGUCCAGGUUUAAGGUGGUAGGCUGAAAUCUUAGGCAAAUCCGGGAUUUCAAGGCCGAGAGCUGAUGACGAGUUGCCUUUAGGCGACGAAGUGGUUGAUACCAUGCUUCCAAGAAAAGCUCCUAAGCUUCAGAUAACUGGGAACCGUACCCCAAACCGACACAGGUGGUUAGGUAGAGAAUACCAAGGCGCUUGAGAGAACUCGGGUGAAGGAACUAGGCAAAAUGGCACCGUAACUUCGGGAGAAGGUGCGCCGGCGAGGGUGAAGGACUUGCUCCGUAAGCCCAUGCCGGUCGAAGAUACCAGGCCGCUGCGACUGUUUAUUAAAAACACAGCACUCUGCAAACACGAAAGUGGACGUAUAGGGUGUGACGCCUGCCCGGUGCCGGAAGGUUAAUUGAUGGGGUUAGCGCAAGCGAAGCUCUUGAUCGAAGCCCCGGUAAACGGCGGCCGUAACUAUAACGGUCCUAAGGUAGCGAAAUUCCUUGUCGGGUAAGUUCCGACCUGCACGAAUGGCGUAACGAUGGCGGCGCUGUCUCCACCCGAGACUCAGUGAAAUUGAAAUCGCUGUGAAGAUGCAGUGUAUCCGCGGCUAGACGGAAAGACCCCGUGAACCUUUACUAUAGCUUUGCACUGGACUUUGAAUUUGCUUGUGUAGGAUAGGUGGGAGGCUUUGAAGUGGGGACGCCAGUUCUCAUGGAGCCAUCCUUGAAAUACCACCCUGGCAACUUUGAGGUUCUAACUCAGGUCCGUUAUCCGGAUCGAGGACAGUGUAUGGUGGGUAGUUUGACUGGGGCGGUCUCCUCCCAAAGAGUAACGGAGGAGUACGAAGGUGCGCUCAGACCGGUCGGAAAUCGGUCGUAGAGUAUAAAGGCAAAAGCGCGCUUGACUGCGAGACAAACACGUCGAGCAGGUACGAAAGUAGGUCUUAGUGAUCCGGUGGUUCUGUAUGGAAGGGCCAUCGCUCAACGGAUAAAAGGUACUCCGGGGAUAACAGGCUGAUACCGCCCAAGAGUUCAUAUCGACGGCGGUGUUUGGCACCUCGAUGUCGGCUCAUCACAUCCUGGGGCUGAAGCCGGUCCCAAGGGUAUGGCUGUUCGCCAUUUAAAGUGGUACGCGAGCUGGGUUUAGAACGUCGUGAGACAGUUCGGUCCCUAUCUGCCGUGGACGUUUGAGAUUUGAGAGGGGCUGCUCCUAGUACGAGAGGACCGGAGUGGACGAACCUCUGGUGUUCCGGUUGUCACGCCAGUGGCAUUGCCGGGUAGCUAUGUUCGGAAGAGAUAACCGCUGAAAGCAUCUAAGCGGGAAACUUGCCUCAAGAUGAGAUCUCACUGGGAUCUUGAAUCCCCUAAAGGGCCGUCGAAGACUACGACGUUGAUAGGUUGGGUGUGUAAGCGCUGUGAGGCGUUGAGCUAACCAAUACUAAUUGCCCGUGAGGCUUGACCAU		2893		Pputida	RASP_rna-PP_RS03160
RASP		4WJ4_B	100	76							1.6500000000000001E-33		100	4WJ4		rna-PP_RS03315		UCCGCGAUAGCUCAGUCGGUAGAGCAAAUGACUGUUAAUCAUUGGGUCCCUGGUUCGAGUCCAGGUCGCGGAGCCA		76		Pputida	RASP_rna-PP_RS03315
RASP		9SLZ_T	94.736999999999995	76							4.43E-28		100	9SLZ		rna-PP_RS03325		GGGUCGUUAGCUCAGUUGGUAGAGCAGUUGGCUUUUAACCAAUUGGUCGUAGGUUCGAAUCCUACACGACCCACCA		76		P_putida	RASP_rna-PP_RS03325
RASP		9TEX_Z	97.403000000000006	77							2.4899999999999999E-31		100	9TEX		rna-PP_RS06225		CGC+B70GGGAUGGAGCAGCCUGGUAGCUCGUCGGGCUCAUAACCCGAAGGUCGUCGGUUCAAAUCCGGCUCCCGCAACCA		77		P_putida	RASP_rna-PP_RS06225
RASP		8ZTV_Y	94.667000000000002	75							1.5700000000000001E-27		97	8ZTV		rna-PP_RS08755		GCAGCGGUAGUUCAGUCGGUUAGAAUACCGGCCUGUCACGCCGGGGGUCGCGGGUUCGAGUCCCGUCCGCUGCGCCA		77		P_putida	RASP_rna-PP_RS08755
RASP		8YUS_X	96.052999999999997	76							3.6399999999999997E-29		100	8YUS		rna-PP_RS09650		GUCCCCUUCGUCUAGUGGCCUAGGACACCGCCCUUUCACGGCGGUAACAGGGGUUCGAGUCCCCUAGGGGACGCCA		76		P_putida	RASP_rna-PP_RS09650
RASP		8VSA_TMRN	100	332							1.02E-171		97	8VSA		transcript:AAC75666		UUUACACAUUGGGGCUGAUUCUGGAUUCGACGGGAUUUGCGAAACCCAAGGUGCAUGCCGAGGGGCGGUUGGCCUCGUAAAAAGCCGCAAAAAAUAGUCGCAAACGACGAAAACUACGCUUUAGCAGCUUAAUAACCUGCUUAGAGCCCUCUCUCCCUAGCCUCCGCUCUUAGGACGGGGAUCAAGAGAGGUCAAACCCAAAAGAGAUCGCGUGGAAGCCCUGCCUGGGGUUGAAGCGUUAAAACUUAAUCAGGCUAGUUUGUUAGUGGCGUGUCCGUCCGCAGCUGGCAAGCGAAUGUAAAGACUGACUAAGCAUGUAGUACCGAGGAUGUAGGAAUUUCG		342		E_coli	RASP_transcript:AAC75666
RASP		8ZYD_C	100	77							4.8200000000000003E-34		100	8ZYD		transcript:EBT00049907297		AGGCUUGUAGCUCAGGUGGUUAGAGCGCACCCCUGAUAAGGGUGAGGUCGGUGGUUCAAGUCCACUCAGGCCUACCA		77		E_coli	RASP_transcript:EBT00049907297
RASP		9HM5_D	100	76							1.6500000000000001E-33		100	9HM5		transcript:EBT00049907359		GGGGCUAUAGCUCAGCUGGGAGAGCGCCUGCUUUGCACGCAGGAGGUCUGCGGUUCGAUCCCGCAUAGCUCCACCA		76		E_coli	RASP_transcript:EBT00049907359
RASP		9N2C_16	100	1542							0		100	9N2C		transcript:EBT00049907526		AAAUUGAAGAGUUUGAUCAUGGCUCAGAUUGAACGCUGGCGGCAGGCCUAACACAUGCAAGUCGAACGGUAACAGGAAGAAGCUUGCUUCUUUGCUGACGAGUGGCGGACGGGUGAGUAAUGUCUGGGAAACUGCCUGAUGGAGGGGGAUAACUACUGGAAACGGUAGCUAAUACCGCAUAACGUCGCAAGACCAAAGAGGGGGACCUUCGGGCCUCUUGCCAUCGGAUGUGCCCAGAUGGGAUUAGCUAGUAGGUGGGGUAACGGCUCACCUAGGCGACGAUCCCUAGCUGGUCUGAGAGGAUGACCAGCCACACUGGAACUGAGACACGGUCCAGACUCCUACGGGAGGCAGCAGUGGGGAAUAUUGCACAAUGGGCGCAAGCCUGAUGCAGCCAUGCCGCGUGUAUGAAGAAGGCCUUCGGGUUGUAAAGUACUUUCAGCGGGGAGGAAGGGAGUAAAGUUAAUACCUUUGCUCAUUGACGUUACCCGCAGAAGAAGCACCGGCUAACUCCGUGCCAGCAGCCGCGGUAAUACGGAGGGUGCAAGCGUUAAUCGGAAUUACUGGGCGUAAAGCGCACGCAGGCGGUUUGUUAAGUCAGAUGUGAAAUCCCCGGGCUCAACCUGGGAACUGCAUCUGAUACUGGCAAGCUUGAGUCUCGUAGAGGGGGGUAGAAUUCCAGGUGUAGCGGUGAAAUGCGUAGAGAUCUGGAGGAAUACCGGUGGCGAAGGCGGCCCCCUGGACGAAGACUGACGCUCAGGUGCGAAAGCGUGGGGAGCAAACAGGAUUAGAUACCCUGGUAGUCCACGCCGUAAACGAUGUCGACUUGGAGGUUGUGCCCUUGAGGCGUGGCUUCCGGAGCUAACGCGUUAAGUCGACCGCCUGGGGAGUACGGCCGCAAGGUUAAAACUCAAAUGAAUUGACGGGGGCCCGCACAAGCGGUGGAGCAUGUGGUUUAAUUCGAUGCAACGCGAAGAACCUUACCUGGUCUUGACAUCCACAGAACUUUCCAGAGAUGGAUUGGUGCCUUCGGGAACUGUGAGACAGGUGCUGCAUGGCUGUCGUCAGCUCGUGUUGUGAAAUGUUGGGUUAAGUCCCGCAACGAGCGCAACCCUUAUCUUUUGUUGCCAGCGGUCCGGCCGGGAACUCAAAGGAGACUGCCAGUGAUAAACUGGAGGAAGGUGGGGAUGACGUCAAGUCAUCAUGGCCCUUACGACCAGGGCUACACACGUGCUACAAUGGCGCAUACAAAGAGAAGCGACCUCGCGAGAGCAAGCGGACCUCAUAAAGUGCGUCGUAGUCCGGAUUGGAGUCUGCAACUCGACUCCAUGAAGUCGGAAUCGCUAGUAAUCGUGGAUCAGAAUGCCACGGUGAAUACGUUCCCGGGCCUUGUACACACCGCCCGUCACACCAUGGGAGUGGGUUGCAAAAGAAGUAGGUAGCUUAACCUUCGGGAGGGCGCUUACCACUUUGUGAUUCAUGACUGGGGUGAAGUCGUAACAAGGUAACCGUAGGGGAACCUGCGGUUGGAUCACCUCCUUA		1542		E_coli	RASP_transcript:EBT00049907526
RASP		7NBU_a	100	2904							0		100	7NBU		transcript:EBT00049907569		GGUUAAGCGACUAAGCGUACACGGUGGAUGCCCUGGCAGUCAGAGGCGAUGAAGGACGUGCUAAUCUGCGAUAAGCGUCGGUAAGGUGAUAUGAACCGUUAUAACCGGCGAUUUCCGAAUGGGGAAACCCAGUGUGUUUCGACACACUAUCAUUAACUGAAUCCAUAGGUUAAUGAGGCGAACCGGGGGAACUGAAACAUCUAAGUACCCCGAGGAAAAGAAAUCAACCGAGAUUCCCCCAGUAGCGGCGAGCGAACGGGGAGGAGCCCAGAGCCUGAAUCAGUGUGUGUGUUAGUGGAAGCGUCUGGAAAGGCGCGCGAUACAGGGUGACAGCCCCGUACACAAAAAUGCACAUGCUGUGAGCUCGAUGAGUAGGGCGGGACACGUGGUAUCCUGUCUGAAUAUGGGGGGACCAUCCUCCAAGGCUAAAUACUCCUGACUGACCGAUAGUGAACCAGUACCGUGAGGGAAAGGCGAAAAGAACCCCGGCGAGGGGAGUGAAAAAGAACCUGAAACCGUGUACGUACAAGCAGUGGGAGCAUGCUUAGGCGUGUGACUGCGUACCUUUUGUAUAAUGGGUCAGCGACUUAUAUUCUGUAGCAAGGUUAACCGAAUAGGGGAGCCGAAGGGAAACCGAGUCUUAACUGGGCGUUAAGUUGCAGGGUAUAGACCCGAAACCCGGUGAUCUAGCCAUGGGCAGGUUGAAGGUUGGGUAACACUAACUGGAGGACCGAACCGACUAAUGUUGAAAAAUUAGCGGAUGACUUGUGGCUGGGGGUGAAAGGCCAAUCAAACCGGGAGAUAGCUGGUUCUCCCCGAAAGCUAUUUAGGUAGCGCCUCGUGAACUCAUCUCCGGGGGUAGAGCACUGUUUCGGCAAGGGGGUCAUCCCGACUUACCAACCCGAUGCAAACUGCGAAUACCGGAGAAUGUUAUCACGGGAGACACACGGCGGGUGCUAACGUCCGUCGUGAAGAGGGAAACAACCCAGACCGCCAGCUAAGGUCCCAAAGUCAUGGUUAAGUGGGAAACGAUGUGGGAAGGCCCAGACAGCCAGGAUGUUGGCUUAGAAGCAGCCAUCAUUUAAAGAAAGCGUAAUAGCUCACUGGUCGAGUCGGCCUGCGCGGAAGAUGUAACGGGGCUAAACCAUGCACCGAAGCUGCGGCAGCGACGCUUAUGCGUUGUUGGGUAGGGGAGCGUUCUGUAAGCCUGUGAAGGUGUACUGUGAGGUAUGCUGGAGGUAUCAGAAGUGCGAAUGCUGACAUAAGUAACGAUAAAGCGGGUGAAAAGCCCGCUCGCCGGAAGACCAAGGGUUCCUGUCCAACGUUAAUCGGGGCAGGGUGAGUCGACCCCUAAGGCGAGGCCGAAAGGCGUAGUCGAUGGGAAACAGGUUAAUAUUCCUGUACUUGGUGUUACUGCGAAGGGGGGACGGAGAAGGCUAUGUUGGCCGGGCGACGGUUGUCCCGGUUUAAGCGUGUAGGCUGGUUUUCCAGGCAAAUCCGGAAAAUCAAGGCUGAGGCGUGAUGACGAGGCACUACGGUGCUGAAGCAACAAAUGCCCUGCUUCCAGGAAAAGCCUCUAAGCAUCAGGUAACAUCAAAUCGUACCCCAAACCGACACAGGUGGUCAGGUAGAGAAUACCAAGGCGCUUGAGAGAACUCGGGUGAAGGAACUAGGCAAAAUGGUGCCGUAACUUCGGGAGAAGGCACGCUGAUAUGUAGGUGAAGCGACUUGCUCGUGGAGCUGAAAUCAGUCGAAGAUACCAGCUGGCUGCAACUGUUUAUUAAAAACACAGCACUGUGCAAACACGAAAGUGGACGUAUACGGUGUGACGCCUGCCCGGUGCCGGAAGGUUAAUUGAUGGGGUUAGCGCAAGCGAAGCUCUUGAUCGAAGCCCCGGUAAACGGCGGCCGUAACUAUAACGGUCCUAAGGUAGCGAAAUUCCUUGUCGGGUAAGUUCCGACCUGCACGAAUGGCGUAAUGAUGGCCAGGCUGUCUCCACCCGAGACUCAGUGAAAUUGAACUCGCUGUGAAGAUGCAGUGUACCCGCGGCAAGACGGAAAGACCCCGUGAACCUUUACUAUAGCUUGACACUGAACAUUGAGCCUUGAUGUGUAGGAUAGGUGGGAGGCUUUGAAGUGUGGACGCCAGUCUGCAUGGAGCCGACCUUGAAAUACCACCCUUUAAUGUUUGAUGUUCUAACGUUGACCCGUAAUCCGGGUUGCGGACAGUGUCUGGUGGGUAGUUUGACUGGGGCGGUCUCCUCCUAAAGAGUAACGGAGGAGCACGAAGGUUGGCUAAUCCUGGUCGGACAUCAGGAGGUUAGUGCAAUGGCAUAAGCCAGCUUGACUGCGAGCGUGACGGCGCGAGCAGGUGCGAAAGCAGGUCAUAGUGAUCCGGUGGUUCUGAAUGGAAGGGCCAUCGCUCAACGGAUAAAAGGUACUCCGGGGAUAACAGGCUGAUACCGCCCAAGAGUUCAUAUCGACGGCGGUGUUUGGCACCUCGAUGUCGGCUCAUCACAUCCUGGGGCUGAAGUAGGUCCCAAGGGUAUGGCUGUUCGCCAUUUAAAGUGGUACGCGAGCUGGGUUUAGAACGUCGUGAGACAGUUCGGUCCCUAUCUGCCGUGGGCGCUGGAGAACUGAGGGGGGCUGCUCCUAGUACGAGAGGACCGGAGUGGACGCAUCACUGGUGUUCGGGUUGUCAUGCCAAUGGCACUGCCCGGUAGCUAAAUGCGGAAGAGAUAAGUGCUGAAAGCAUCUAAGCACGAAACUUGCCCCGAGAUGAGUUCUCCCUGACUCCUUGAGAGUCCUGAAGGAACGUUGAAGACGACGACGUUGAUAGGCCGGGUGUGUAAGCGCAGCGAUGCGUUGAGCUAACCGGUACUAAUGAACCGUGAGGCUUAACCUU		2904		E_coli	RASP_transcript:EBT00049907569
RASP		8ZTV_Y	100	77							4.8200000000000003E-34		100	8ZTV		transcript:EBT00049907667		GGAGCGGUAGUUCAGUCGGUUAGAAUACCUGCCUGUCACGCAGGGGGUCGCGGGUUCGAGUCCCGUCCGUUCCGCCA		77		E_coli	RASP_transcript:EBT00049907667
RASP		8BUU_a	99.936000000000007	1554							0		100	8BUU		transcript:EBT00050243541		UUUAUCGGAGAGUUUGAUCCUGGCUCAGGACGAACGCUGGCGGCGUGCCUAAUACAUGCAAGUCGAGCGGACAGAUGGGAGCUUGCUCCCUGAUGUUAGCGGCGGACGGGUGAGUAACACGUGGGUAACCUGCCUGUAAGACUGGGAUAACUCCGGGAAACCGGGGCUAAUACCGGAUGGUUGUUUGAACCGCAUGGUUCAAACAUAAAAGGUGGCUUCGGCUACCACUUACAGAUGGACCCGCGGCGCAUUAGCUAGUUGGUGAGGUAACGGCUCACCAAGGCAACGAUGCGUAGCCGACCUGAGAGGGUGAUCGGCCACACUGGGACUGAGACACGGCCCAGACUCCUACGGGAGGCAGCAGUAGGGAAUCUUCCGCAAUGGACGAAAGUCUGACGGAGCAACGCCGCGUGAGUGAUGAAGGUUUUCGGAUCGUAAAGCUCUGUUGUUAGGGAAGAACAAGUACCGUUCGAAUAGGGCGGUACCUUGACGGUACCUAACCAGAAAGCCACGGCUAACUACGUGCCAGCAGCCGCGGUAAUACGUAGGUGGCAAGCGUUGUCCGGAAUUAUUGGGCGUAAAGGGCUCGCAGGCGGUUUCUUAAGUCUGAUGUGAAAGCCCCCGGCUCAACCGGGGAGGGUCAUUGGAAACUGGGGAACUUGAGUGCAGAAGAGGAGAGUGGAAUUCCACGUGUAGCGGUGAAAUGCGUAGAGAUGUGGAGGAACACCAGUGGCGAAGGCGACUCUCUGGUCUGUAACUGACGCUGAGGAGCGAAAGCGUGGGGAGCGAACAGGAUUAGAUACCCUGGUAGUCCACGCCGUAAACGAUGAGUGCUAAGUGUUAGGGGGUUUCCGCCCCUUAGUGCUGCAGCUAACGCAUUAAGCACUCCGCCUGGGGAGUACGGUCGCAAGACUGAAACUCAAAGGAAUUGACGGGGGCCCGCACAAGCGGUGGAGCAUGUGGUUUAAUUCGAAGCAACGCGAAGAACCUUACCAGGUCUUGACAUCCUCUGACAAUCCUAGAGAUAGGACGUCCCCUUCGGGGGCAGAGUGACAGGUGGUGCAUGGUUGUCGUCAGCUCGUGUCGUGAGAUGUUGGGUUAAGUCCCGCAACGAGCGCAACCCUUGAUCUUAGUUGCCAGCAUUCAGUUGGGCACUCUAAGGUGACUGCCGGUGACAAACCGGAGGAAGGUGGGGAUGACGUCAAAUCAUCAUGCCCCUUAUGACCUGGGCUACACACGUGCUACAAUGGACAGAACAAAGGGCAGCGAAACCGCGAGGUUAAGCCAAUCCCACAAAUCUGUUCUCAGUUCGGAUCGCAGUCUGCAACUCGACUGCGUGAAGCUGGAAUCGCUAGUAAUCGCGGAUCAGCAUGCCGCGGUGAAUACGUUCCCGGGCCUUGUACACACCGCCCGUCACACCACGAGAGUUUGUAACACCCGAAGUCGGUGAGGUAACCUUUUAGGAGCCAGCCGCCGAAGGUGGGACAGAUGAUUGGGGUGAAGUCGUAACAAGGUAGCCGUAUCGGAAGGUGCGGCUGGAUCACCUCCUUUCUA		1554		B_subtilis	RASP_transcript:EBT00050243541
RASP		3J3W_A	99.965999999999994	2927							0		99	3J3W		transcript:EBT00050243693		GGUUAAGUUAGAAAGGGCGCACGGUGGAUGCCUUGGCACUAGGAGCCGAUGAAGGACGGGACGAACACCGAUAUGCUUCGGGGAGCUGUAAGCAAGCUUUGAUCCGGAGAUUUCCGAAUGGGGAAACCCACCACUCGUAAUGGAGUGGUAUCCAUAUCUGAAUUCAUAGGAUAUGAGAAGGCAGACCCGGGGAACUGAAACAUCUAAGUACCCGGAGGAAGAGAAAGCAAAUGCGAUUCCCUGAGUAGCGGCGAGCGAAACGGGAUUAGCCCAAACCAAGAGGCUUGCCUCUUGGGGUUGUAGGACACUCUGUACGGAGUUACAAAGGAACGAGGUAGAUGAAGAGGUCUGGAAAGGCCCGCCAUAGGAGGUAACAGCCCUGUAGUCAAAACUUCGUUCUCUCCUGAGUGGAUCCUGAGUACGGCGGAACACGUGAAAUUCCGUCGGAAUCCGGGAGGACCAUCUCCCAAGGCUAAAUACUCCCUAGUGACCGAUAGUGAACCAGUACCGUGAGGGAAAGGUGAAAAGCACCCCGGAAGGGGAGUGAAAGAGAUCCUGAAACCGUGUGCCUACAAGUAGUCAGAGCCCGUUAACGGGUGAUGGCGUGCCUUUUGUAGAAUGAACCGGCGAGUUACGAUCCCGUGCAAGGUUAAGCAGAAGAUGCGGAGCCGCAGCGAAAGCGAGUCUGAAUAGGGCGCAUGAGUACGUGGUCGUAGACCCGAAACCAGGUGAUCUACCCAUGUCCAGGGUGAAGUUCAGGUAACACUGAAUGGAGGCCCGAACCCACGCACGUUGAAAAGUGCGGGGAUGAGGUGUGGGUAGGGGUGAAAUGCCAAUCGAACCUGGAGAUAGCUGGUUCUCUCCGAAAUAGCUUUAGGGCUAGCCUCAAGGUAAGAGUCUUGGAGGUAGAGCACUGAUUGGACUAGGGGCCCCUACCGGGUUACCGAAUUCAGUCAAACUCCGAAUGCCAAUGACUUAUCCUUGGGAGUCAGACUGCGAGUGAUAAGAUCCGUAGUCGAAAGGGAAACAGCCCAGACCGCCAGCUAAGGUCCCAAAGUAUACGUUAAGUGGAAAAGGAUGUGGAGUUGCUUAGACAACCAGGAUGUUGGCUUAGAAGCAGCCACCAUUUAAAGAGUGCGUAAUAGCUCACUGGUCGAGUGACUCUGCGCCGAAAAUGUACCGGGGCUAAACGUAUCACCGAAGCUGCGGACUGUUCUUCGAACAGUGGUAGGAGAGCGUUCUAAGGGCUGUGAAGCCAGACCGGAAGGACUGGUGGAGCGCUUAGAAGUGAGAAUGCCGGUAUGAGUAGCGAAAGAGGGGUGAGAAUCCCCUCCACCGAAUGCCUAAGGUUUCCUGAGGAAGGCUCGUCCGCUCAGGGUUAGUCGGGACCUAAGCCGAGGCCGAAAGGCGUAGGCGAUGGACAACAGGUUGAUAUUCCUGUACCACCUCCUCACCAUUUGAGCAAUGGGGGGACGCAGGAGGAUAGGGUAAGCGCGGUAUUGGAUAUCCGCGUCCAAGCAGUUAGGCUGGGAAAUAGGCAAAUCCGUUUCCCAUAAGGCUGAGCUGUGAUGGCGAGCGAAAUAUAGUAGCGAAGUUCCUGAUUCCACACUGCCAAGAAAAGCCUCUAGCGAGGUGAGAGGUGCCCGUACCGCAAACCGACACAGGUAGGCGAGGAGAGAAUCCUAAGGUGAUCGAGAGAACUCUCGUUAAGGAACUCGGCAAAAUGACCCCGUAACUUCGGGAGAAGGGGUGCUCUGUUAGGGUGCAAGCCCGAGAGAGCCGCAGUGAAUAGGCCCAGGCGACUGUUUAGCAAAAACACAGGUCUCUGCGAAGCCGUAAGGCGAAGUAUAGGGGCUGACGCCUGCCCGGUGCUGGAAGGUUAAGAGGAGCGCUUAGCGUAAGCGAAGGUGCGAAUUGAAGCCCCAGUAAACGGCGGCCGUAACUAUAACGGUCCUAAGGUAGCGAAAUUCCUUGUCGGGUAAGUUCCGACCCGCACGAAAGGCGCAACGAUCUGGGCACUGUCUCAACGAGAGACUCGGUGAAAUUAUAGUACCUGUGAAGAUGCAGGUUACCCGCGACAGGACGGAAAGACCCCGUGGAGCUUUACUGCAGCCUGAUAUUGAAUGUUGGUACAGCUUGUACAGGAUAGGUAGGAGCCUUGGAAACCGGAGCGCCAGCUUCGGUGGAGGCAUCGGUGGGAUACUACCCUGGCUGUAUUGACCUUCUAACCCGCCGCCCUUAUCGGGCGGGGAGACAGUGUCAGGUGGGCAGUUUGACUGGGGCGGUCGCCUCCUAAAAGGUAACGGAGGCGCCCAAAGGUUCCCUCAGAAUGGUUGGAAAUCAUUCGCAGAGUGUAAAGGCACAAGGGAGCUUGACUGCGAGACCUACAAGUCGAGCAGGGACGAAAGUCGGGCUUAGUGAUCCGGUGGUUCCGCAUGGAAGGGCCAUCGCUCAACGGAUAAAAGCUACCCCGGGGAUAACAGGCUUAUCUCCCCCAAGAGUCCACAUCGACGGGGAGGUUUGGCACCUCGAUGUCGGCUCAUCGCAUCCUGGGGCUGUAGUCGGUCCCAAGGGUUGGGCUGUUCGCCCAUUAAAGCGGUACGCGAGCUGGGUUCAGAACGUCGUGAGACAGUUCGGUCCCUAUCCGUCGCGGGCGCAGGAAAUUUGAGAGGAGCUGUCCUUAGUACGAGAGGACCGGGAUGGACGCACCGCUGGUGUACCAGUUGUUCUGCCAAGGGCAUCGCUGGGUAGCUAUGUGCGGACGGGAUAAGUGCUGAAAGCAUCUAAGCAUGAAGCCCCCCUCAAGAUGAGAUUUCCCAUUCCGCAAGGAAGUAAGAUCCCUGAAAGAUGAUCAGGUUGAUAGGUCUGAGGUGGAAGUGUGGCGACACAUGGAGCUGACAGAUACUAAUCGAUCGAGGACUUAACCAU		2928		B_subtilis	RASP_transcript:EBT00050243693
RASP		9SLZ_T	98.507000000000005	67							4.5000000000000002E-27		100	9SLZ		transcript:ENSB:2IZe0JzJzkFApyV		UCGUUAGCUCAGUUGGUAGAGCAGUUGACUUUUAAUCAAUUGGUCGCAGGUUCGAAUCCCGCACGAC		67		Y_pseudotuberculosis	RASP_transcript:ENSB:2IZe0JzJzkFApyV
RASP		1EFW_D	96.97	66							2.04E-25		94	1EFW		transcript:ENSB:75SfIwioE-pBoQo		UGCGGUAGUUCAGUCGGUUAGAAUACCGGCCUGUCACGCCGGGGGUCGCGGGUUCGAGUCCCGUCCGCAC		70		Y_pseudotuberculosis	RASP_transcript:ENSB:75SfIwioE-pBoQo
RASP		9SS6_D1	94.867000000000004	1539							0		100	9SS6		transcript:ENSB:7wGWgF2nXS0bDkg		UUGAAGAGUUUGAUCAUGGCUCAGAUUGAACGCUGGCGGCAGGCCUAACACAUGCAAGUCGAGCGGCAGCGGGAAGUAGUUUACUACUUUGCCGGCGAGCGGCGGACGGGUGAGUAAUGUCUGGGGAUCUGCCUGAUGGAGGGGGAUAACUACUGGAAACGGUAGCUAAUACCGCAUGACCUCGCAAGAGCAAAGUGGGGGACCUUAGGGCCUCACGCCAUCGGAUGAACCCAGAUGGGAUUAGCUAGUAGGUGGGGUAAUGGCUCACCUAGGCGACGAUCCCUAGCUGGUCUGAGAGGAUGACCAGCCACACUGGAACUGAGACACGGUCCAGACUCCUACGGGAGGCAGCAGUGGGGAAUAUUGCACAAUGGGCGCAAGCCUGAUGCAGCCAUGCCGCGUGUGUGAAGAAGGCCUUCGGGUUGUAAAGCACUUUCAGCGAGGAGGAAGGGGUUGAGUUUAAUACGCUCAAUCAUUGACGUUACUCGCAGAAGAAGCACCGGCUAACUCCGUGCCAGCAGCCGCGGUAAUACGGAGGGUGCAAGCGUUAAUCGGAAUUACUGGGCGUAAAGCGCACGCAGGCGGUUUGUUAAGUCAGAUGUGAAAUCCCCGCGCUUAACGUGGGAACUGCAUUUGAAACUGGCAAGCUAGAGUCUUGUAGAGGGGGGUAGAAUUCCAGGUGUAGCGGUGAAAUGCGUAGAGAUCUGGAGGAAUACCGGUGGCGAAGGCGGCCCCCUGGACAAAGACUGACGCUCAGGUGCGAAAGCGUGGGGAGCAAACAGGAUUAGAUACCCUGGUAGUCCACGCUGUAAACGAUGUCGACUUGGAGGUUGUGCCCUUGAGGCGUGGCUUCCGGAGCUAACGCGUUAAGUCGACCGCCUGGGGAGUACGGCCGCAAGGUUAAAACUCAAAUGAAUUGACGGGGGCCCGCACAAGCGGUGGAGCAUGUGGUUUAAUUCGAUGCAACGCGAAGAACCUUACCUACUCUUGACAUCCACAGAAUUUGGCAGAGAUGCUAAAGUGCCUUCGGGAACUGUGAGACAGGUGCUGCAUGGCUGUCGUCAGCUCGUGUUGUGAAAUGUUGGGUUAAGUCCCGCAACGAGCGCAACCCUUAUCCUUUGUUGCCAGCACGUAAUGGUGGGAACUCAAGGGAGACUGCCGGUGACAAACCGGAGGAAGGUGGGGAUGACGUCAAGUCAUCAUGGCCCUUACGAGUAGGGCUACACACGUGCUACAAUGGCAGAUACAAAGUGAAGCGAACUCGCGAGAGCCAGCGGACCACAUAAAGUCUGUCGUAGUCCGGAUUGGAGUCUGCAACUCGACUCCAUGAAGUCGGAAUCGCUAGUAAUCGUAGAUCAGAAUGCUACGGUGAAUACGUUCCCGGGCCUUGUACACACCGCCCGUCACACCAUGGGAGUGGGUUGCAAAAGAAGUAGGUAGCUUAACCUUCGGGAGGGCGCUUACCACUUUGUGAUUCAUGACUGGGGUGAAGUCGUAACAAGGUAACCGUAGGGGAACCUGCGGUUGGAUCACCUCCUU		1539		Y_pseudotuberculosis	RASP_transcript:ENSB:7wGWgF2nXS0bDkg
RASP		5LZF_y	94.317999999999998	88							6.9199999999999999E-33		100	5LZF		transcript:ENSB:IlICJX4O9Pa4-Mj		AGAUCAUCGUCCCCGGUGGGGCGGCUGGACUUCAAAUCCAGAUGGGGCCGCCAGCGGUCCCUGGCAGGUUCGACUCCUGUGAUCUUCC		88		Y_pseudotuberculosis	RASP_transcript:ENSB:IlICJX4O9Pa4-Mj
RASP		7NBU_a	94.218999999999994	2906							0		100	7NBU		transcript:ENSB:KlfJEv9JQFLr1MO		GUUAAGCGACUAAGCGUACACGGUGGAUGCCUAGGCAGUCAGAGGCGAUGAAGGGCGUGCUAAUCUGCGAAAAGCGUCGGUAAGCUGAUAUGAAGCGUUAUAACCGACGAUACCCGAAUGGGGAAACCCAGUGCAAUACGUUGCACUAUCGUUAGAUGAAUACAUAGUCUAACGAGGCGAACCGGGGGAACUGAAACAUCUAAGUACCCCGAGGAAAAGAAAUCAACCGAGAUUCCCCCAGUAGCGGCGAGCGAACGGGGAGGAGCCCAGAGUCUGAAUCAGUUUGUGUGUUAGUGGAAGCGUCUGGAAAGUCGCACGGUACAGGGUGAUAGUCCCGUACACCAAAAUGCACAGGCUGUGAACUCGAUGAGUAGGGCGGGACACGUGACAUCCUGUCUGAAUAUGGGGGGACCAUCCUCCAAGGCUAAAUACUCCUGACUGACCGAUAGUGAACCAGUACCGUGAGGGAAAGGCGAAAAGAACCCCGGCGAGGGGAGUGAAAUAGAACCUGAAACCGUGUACGUACAAGCAGUGGGAGCACCUUCGUGGUGUGACUGCGUACCUUUUGUAUAAUGGGUCAGCGACUUAUAUUUUGUAGCAAGGUUAACCGAAUAGGGGAGCCGUAGGGAAACCGAGUCUUAACUGGGCGUCUAGUUGCAAGGUAUAGACCCGAAACCCGGUGAUCUAGCCAUGGGCAGGUUGAAGGUUGGGUAACACUAACUGGAGGACCGAACCGACUAAUGUUGAAAAAUUAGCGGAUGACUUGUGGCUGGGGGUGAAAGGCCAAUCAAACCGGGAGAUAGCUGGUUCUCCCCGAAAGCUAUUUAGGUAGCGCCUCGUGAACUCAUCUUCGGGGGUAGAGCACUGUUUCGGCUAGGGGGCCAUCCCGGCUUACCAAACCGAUGCAAACUCCGAAUACCGAAGAAUGUUAUCACGGGAGACACACGGCGGGUGCUAACGUCCGUCGUGAAGAGGGAAACAACCCAGACCGCCAGCUAAGGUCCCAAAGUCAUGGUUAAGUGGGAAACGAUGUGGGAAGGCACAGACAGCCAGGAUGUUGGCUUAGAAGCAGCCAUCAUUUAAAGAAAGCGUAAUAGCUCACUGGUCGAGUCGGCCUGCGCGGAAGAUGUAACGGGGCUAAACCAUGCACCGAAGCUGCGGCAGCGACGUUUAGGCGUUGUUGGGUAGGGGAGCGUUCUGUAAGCCGUUGAAGGUGACCUGUGAGGGUUGCUGGAGGUAUCAGAAGUGCGAAUGCUGACAUAAGUAACGAUAAUGCGGGUGAAAAACCCGCACGCCGGAAGACCAAGGGUUCCUGUCCAACGUUAAUCGGGGCAGGGUGAGUCGACCCCUAAGGCGAGGCUGAAAAGCGUAGUCGAUGGGAAACAGGUUAAUAUUCCUGUACUUGGUGUUACUGCGAAGGGGGGACGGAGAAGGCUAGGCUGGCCGGGCGACGGUUGUCCCGGUUUAAGCGUGUAGGGGGAGUGACCAGGUAAAUCCGGUUGCUUAUCAACCCUGAGGCGUGAUGACGAUGCACCACGGUGCAGAAGCAGUUGAUGCCAUGCUUCCAGGAAAAGCCUCUAAGCAUCAGGUAACAUUAAAUCGUACCCCAAACCGACACAGGUGGUCAGGUAGAGAAUACUCAGGCGCUUGAGAGAACUCGGGUGAAGGAACUAGGCAAAAUGGUGCCGUAACUUCGGGAGAAGGCACGCUGGCGUUAGGUGAAAGGACUAGCUCCUGGAGCUGAAGCCAGUCGCAGAUACCAGCUGGCUGCAACUGUUUAAUAAAAACACAGCACUGUGCAAACACGAAAGUGGACGUAUACGGUGUGACGCCUGCCCGGUGCUGGAAGGUUAAUUGAUGGGGUCAGCCGCAAGGCGAAGCUCUUGAUCGAAGCCCCAGUAAACGGCGGCCGUAACUAUAACGGUCCUAAGGUAGCGAAAUUCCUUGUCGGGUAAGUUCCGACCUGCACGAAUGGCGUAAUGAUGGCCAGGCUGUCUCCACCCGAGACUCAGUGAAAUUGAACUCGCUGUGAAGAUGCAGUGUACCCGCGGCAAGACGGAAAGACCCCGUGAACCUUUACUAUAGCUUGACACUGAACAUUGAGCCUUGAUGUGUAGGAUAGGUGGGAGGCCUUGAAGUGUGGACGCCAGUCUGCAUGGAGCCAACCUUGAAAUACCACCCUUUAAUGUUUGAUGUUCUAACUCGGCCCCAUAAUCUGGGGUGAGGACAGUGUCUGGUGGGUAGUUUGACUGGGGCGGUCUCCUCCCAAAGAGUAACGGAGGAGCACGAAGGUUAGCUAAUCACGGUCGGACAUCGUGAGGUUAGUGCAAAGGCAUAAGCUAGCUUGACUGCGAGAGUGACGGCUCGAGCAGGUACGAAAGUAGGUCUUAGUGAUCCGGUGGUUCUGAAUGGAAGGGCCAUCGCUCAACGGAUAAAAGGUACUCCGGGGAUAACAGGCUGAUACCGCCCAAGAGUUCAUAUCGACGGCGGUGUUUGGCACCUCGAUGUCGGCUCAUCACAUCCUGGGGCUGAAGUAGGUCCCAAGGGUAUGGCUGUUCGCCAUUUAAAGUGGUACGCGAGCUGGGUUUAGAACGUCGUGAGACAGUUCGGUCCCUAUCUGCCGUGGGCGUUGGAAGAUUGAGAGGGGCUGCUCCUAGUACGAGAGGACCGGAGUGGACGAAUCACUGGUGUUCGGGUUGUCAUGCCAAUGGCAUUGCCCGGUAGCUAAAUUCGGAAGAGAUAACCGCUGAAAGCAUCUAAGCGGGAAACUUGCCUCGAGAUGAGUCUUCCCUGGGACUUAAAGUCCCCUGAAGGAACGUUAAAGACUAUGACGUUGAUAGGCUGGGUGUGUAAGUGCAGCGAUGUAUUGAGCUAACCAGUACUAAUGAUCCGUGAGGCUUAACC		2904		Y_pseudotuberculosis	RASP_transcript:ENSB:KlfJEv9JQFLr1MO
RASP		8T5H_A	96.396000000000001	111							7.1999999999999998E-47		100	8T5H		transcript:ENSB:KtbL0pyNGizXM38		UGGCGGCCAUAGCGCGGUGGUCCCACCUGAUCCCAUGCCGAACUCAGAAGUGAAACGCCGUAGCGCCGAUGGUAGUGUGGGGUCUCCCCAUGCGAGAGUAGGACACUGCCA		111		Y_pseudotuberculosis	RASP_transcript:ENSB:KtbL0pyNGizXM38
RASP		9LPC_D	100	66							3.61E-28		100	9LPC		transcript:ENSB:W_9xYfxP6Mp8nHP		GGCGUAGUUCAAUUGGUAGAGCACCGGUCUCCAAAACCGGGUGUUGGGAGUUCGAGUCUCUCCGCC		66		Y_pseudotuberculosis	RASP_transcript:ENSB:W_9xYfxP6Mp8nHP
RASP		9N2C_5	96.396000000000001	111							7.1999999999999998E-47		100	9N2C		transcript:ENSB:XBE_9tuEvJrnK_Y		UGGCGGCAAUAGCGCGGUGGUCCCACCUGACCCCAUGCCGAACUCAGAAGUGAAACGCCGUAGCGCCGAUGGUAGUGUGGGGUUUCCCCAUGCGAGAGUAGGACACUGCCA		111		Y_pseudotuberculosis	RASP_transcript:ENSB:XBE_9tuEvJrnK_Y
RASP		8VSA_TMRN	90.983999999999995	366							2.7499999999999999E-141		100	8VSA		transcript:ENSB:_G0qJaUqTsovZge		GGGGCUGAUUCUGGAUUCGACGGGAUUCGCGAAACCCAAGGUGCAUGCCGAGGUGCGGUGGCCUCGUAAAAAACCGCAAAAAAAAUAGUUGCAAACGACGAAAACUACGCACUAGCAGCUUAAUAACCUGCUUAGAGCCCUCUCUCCCUAGCCUCCGCUCUUAGGACGGGGAUCAAGAGAGGUCAAACCUAAAAGAGCUCGUGUGGAAACCUUGCCUGGGGUGGAAGCAUUAAAACUAAUCAGGAUAGUUUGUCAGUAGCGUGUCCAUCCGCAGCUGGCCGGCGAAUGUAAUGAUUGGACUAAGCAUGUAGUGCCGACGGUGUAGUAAUUUCGGACGGGGGUUCAAAUCCCCCCAGCUCCACCA		364		Y_pseudotuberculosis	RASP_transcript:ENSB:_G0qJaUqTsovZge
RASP		7UO5_B	92.662999999999997	368							9.2399999999999994E-154		98	7UO5		transcript:ENSB:rWddBiQSRR05oQc		AGUUGACUAGACAGUCGCCGCUUCACUGCCGUCCCUUUCGGGGGAGACAGGUGGAGGGGAGGAAAGUCCGGGCUCCAUAGGGCAGGGUGCCAGGUAACGCCUGGGAGGCGCAAGCCUACGACAAGUGCAACAGAGAGCAAACCGCCGAUGGCCCACGCAAGUGGGAUCAGGUAAGGGUGAAAGGGUGCGGUAAGAGCGCACCGCGCGGCUGGCAACAGUUCGUGGCAUGGUAAACUCCACCCGGAGCAAGGCCAAAUAGGGGUUCGCAUGGUACGGCCCGUACUGAACCCGGGUAGGCUGCUUGAGCCAGUGAGCGAUUGCUGGCCUAGAGGAAUGACUGUCCACGACAGAACCCGGCUUACCGGUCAACUCCA		374		Y_pseudotuberculosis	RASP_transcript:ENSB:rWddBiQSRR05oQc
RASP		7PNW_A	100	955							0		100	7PNW		transcript:ENSMUST00000082388		AAAGGUUUGGUCCUGGCCUUAUAAUUAAUUAGAGGUAAAAUUACACAUGCAAACCUCCAUAGACCGGUGUAAAAUCCCUUAAACAUUUACUUAAAAUUUAAGGAGAGGGUAUCAAGCACAUUAAAAUAGCUUAAGACACCUUGCCUAGCCACACCCCCACGGGACUCAGCAGUGAUAAAUAUUAAGCAAUAAACGAAAGUUUGACUAAGUUAUACCUCUUAGGGUUGGUAAAUUUCGUGCCAGCCACCGCGGUCAUACGAUUAACCCAAACUAAUUAUCUUCGGCGUAAAACGUGUCAACUAUAAAUAAAUAAAUAGAAUUAAAAUCCAACUUAUAUGUGAAAAUUCAUUGUUAGGACCUAAACUCAAUAACGAAAGUAAUUCUAGUCAUUUAUAAUACACGACAGCUAAGACCCAAACUGGGAUUAGAUACCCCACUAUGCUUAGCCAUAAACCUAAAUAAUUAAAUUUAACAAAACUAUUUGCCAGAGAACUACUAGCCAUAGCUUAAAACUCAAAGGACUUGGCGGUACUUUAUAUCCAUCUAGAGGAGCCUGUUCUAUAAUCGAUAAACCCCGCUCUACCUCACCAUCUCUUGCUAAUUCAGCCUAUAUACCGCCAUCUUCAGCAAACCCUAAAAAGGUAUUAAAGUAAGCAAAAGAAUCAAACAUAAAAACGUUAGGUCAAGGUGUAGCCAAUGAAAUGGGAAGAAAUGGGCUACAUUUUCUUAUAAAAGAACAUUACUAUACCCUUUAUGAAACUAAAGGACUAAGGAGGAUUUAGUAGUAAAUUAAGAAUAGAGAGCUUAAUUGAAUUGAGCAAUGAAGUACGCACACACCGCCCGUCACCCUCCUCAAAUUAAAUUAAACUUAACAUAAUUAAUUUCUAGACAUCCGUUUAUGAGAGGAGAUAAGUCGUAACAAGGUAAGCAUACUGGAAAGUGUGCUUGGAAUAAU		955		Mouse	RASP_transcript:ENSMUST00000082388
RASP		3JCR_M	100	141							1.86E-68		100	3JCR		transcript:ENSMUST00000177864		AGCUUUGCGCAGUGGCAGUAUCGUAGCCAAUGAGGUUUAUCCGAGGCGCGAUUAUUGCUAAUUGAAAACUUUUCCCAAUACCCCGCCAUGACGACUUGAAAUAUAGUCGGCAUUGGCAAUUUUUGACAGUCUCUACGGAGA		141		Mouse	RASP_transcript:ENSMUST00000177864
RASP		8JIW_Ad	98.62	1811							0		100	8JIW		transcript:ENSRNA049471102-T1		UACCUGGUUGAUCCUGCCAGUAGUCAUAUGCUUGUCUCAAAGAUUAAGCCAUGCAUGUGCAAGUAUGAACUAAUUCGAACUGUGAAACUGCGAAUGGCUCAUUAAAUCAGUUAUAGUUUGUUUGAUGGUACAUGCUACUCGGAUAACCGUAGUAAUUCUAGAACUAAUACGUGCAACAAACCCCGACUUCCGGGAGGGGCGCAUUUAUUAGAUAAAAGGCUGACGCGGGCUCUGCCCGCUGAUCCGAUGAUUCAUGAUAACUCGACGGAUUGCACGGCCCUCGUGCCGGUGACGCAUCAUUCAAAUUUCUGCCCUAUCAACUUUCGAUGGUAGGAUAGGGGCCUACCAUGGUGGUGACGGGUGACGGAGAAUUAGGGUUCGAUUCCGGAGAGGGAGCCUGAGAAACGGCUACCACAUCCAAGGAAGGCAGCAGGCGCGCAAAUUACCCAAUCCUGACACGGGGAGGUAGUGACAAUAAAUAACAAUACCGGGCGCUUUAGUGUCUGGUAAUUGGAAUGAGUACAAUCUAAAUCCCUUAACGAGGAUCCAUUGGAGGGCAAGUCUGGUGCCAGCAGCCGCGGUAAUUCCAGCUCCAAUAGCGUAUAUUUAAGUUGUUGCAGUUAAAAAGCUCGUAGUUGGACCUUGGGCCGGGUCGGCCGGUCCGCCUCACGGCGAGCACCGACCUACUCGACCCUUCUGCCGGCGAUGCGCUCCUGGCCUUAACUGGCCGGGUCGUGCCUCCGGCGCCGUUACUUUGAAGAAAUUAGAGUGCUCAAAGCAAGCCAUCGCUCUGGAUACAUUAGCAUGGGAUAACAUCAUAGGAUUCCGGUCCUAUUGUGUUGGCCUUCGGGAUCGGAGUAAUGAUUAAUAGGGACAGUCGGGGGCAUUCGUAUUUCAUAGUCAGAGGUGAAAUUCUUGGAUUUAUGAAAGACGAACAACUGCGAAAGCAUUUGCCAAGGAUGUUUUCAUUAAUCAAGAACGAAAGUUGGGGGCUCGAAGACGAUCAGAUACCGUCCUAGUCUCAACCAUAAACGAUGCCGACCAGGGAUCGGCGGAUGUUGCUUAUAGGACUCCGCCGGCACCUUAUGAGAAAUCAAAGUCUUUGGGUUUCGGGGGGAGUAUGGUCGCAAGGCUGAAACUUAAAGGAAUUGACGGAAGGGCACCACCAGGCGUGGAGCCUGCGGCUUAAUUUGACUCAACACGGGGAAACUUACCAGGUCCAGACAUAGCAAGGAUUGACAGACUGAGAGCUCUUUCUUGAUUCUAUGGGUGGUGGUGCAUGGCCGUUCUUAGUUGGUGGAGCGAUUUGUCUGGUUAAUUCCGUUAACGAACGAGACCUCAGCCUGCUAACUAGCUAUGCGGAGCCAUCCCUCCGCAGCUAGCUUCUUAGAGGGACUAUGGCCGUUUAGGCCACGGAAGUUUGAGGCAAUAACAGGUCUGUGAUGCCCUUAGAUGUUCUGGGCCGCACGCGCGCUACACUGAUGUAUUCAACGAGUAUAUAGCCUUGGCCGACAGGCCCGGGUAAUCUUGGGAAAUUUCAUCGUGAUGGGGAUAGAUCAUUGCAAUUGUUGGUCUUCAACGAGGAAUGCCUAGUAAGCGCGAGUCAUCAGCUCGCGUUGACUACGUCCCUGCCCUUUGUACACACCGCCCGUCGCUCCUACCGAUUGAAUGGUCCGGUGAAGUGUUCGGAUCGCGGCGACAGGGGCGGUUCGCCGCCCCCGACGUCGCGAGAAGUCCAUUGAACCUUAUCAUUUAGAGGAAGGAGAAGUCGUAACAAGGUUUCCGUAGGUGAACCUGCGGAAGGAUAAUUG		1811		O_sativa	RASP_transcript:ENSRNA049471102-T1
RASP		8JIW_Ad	98.784999999999997	1811							0		100	8JIW		transcript:ENSRNA049476430-T1		UACCUGGUUGAUCCUGCCAGUAGUCAUAUGCUUGUCUCAAAGAUUAAGCCAUGCAUGUGCAAGUAUGAACUAAUUCGAACUGUGAAACUGCGAAUGGCUCAUUAAAUCAGUUAUAGUUUGUUUGAUGGUACGUGCUACUCGGAUAACCGUAGUAAUUCUAGAGCUAAUACGUGCAACAAACCCCGACUUCCGGGAGGGGCGCAUUUAUUAGAUAAAAGGCUGACGCGGGCUCCGCCCGCUGAUCCGAUGAUUCAUGAUAACUCGACGGAUCGCACGGCCCUCGUGCCGGCGACGCAUCAUUCAAAUUUCUGCCCUAUCAACUUUCGAUGGUAGGAUAGGGGCCUACCAUGGUGGUGACGGGUGACGGAGAAUUAGGGUUCGAUUCCGGAGAGGGAGCCUGAGAAACGGCUACCACAUCCAAGGAAGGCAGCAGGCGCGCAAAUUACCCAAUCCUGACACGGGGAGGUAGUGACAAUAAAUAACAAUACCGGGCGCUUUAGUGUCUGGUAAUUGGAAUGAGUACAAUCUAAAUCCCUUAACGAGGAUCCAUUGGAGGGCAAGUCUGGUGCCAGCAGCCGCGGUAAUUCCAGCUCCAAUAGCGUAUAUUUAAGUUGUUGCAGUUAAAAAGCUCGUAGUUGGACCUUGGGCCGGGCCGGCCGGUCCGCCUCACGGCGAGCACCGACCUGCUCGACCCUUCUGCCGGCGAUGCGCUCCUGGCCUUAACUGGCCGGGUCGUGCCUCCGGCGCCGUUACUUUGAAGAAAUUAGAGUGCUCAAAGCAAGCCAUCGCUCUGGAUACAUUAGCAUGGGAUAACAUCAUAGGAUUCCGGUCCUAUUGUGUUGGCCUUCGGGAUCGGAGUAAUGAUUAAUAGGGACAGUCGGGGGCAUUCGUAUUUCAUAGUCAGAGGUGAAAUUCUUGGAUUUAUGAAAGACGAACAACUGCGAAAGCAUUUGCCAAGGAUGUUUUCAUUAAUCAAGAACGAAAGUUGGGGGCUCGAAGACGAUCAGAUACCGUCCUAGUCUCAACCAUAAACGAUGCCGACCAGGGAUCGGCGGAUGUUGCUUAUAGGACUCCGCCGGCACCUUAUGAGAAAUCAAAGUCUUUGGGUUCCGGGGGGAGUAUGGUCGCAAGGCUGAAACUUAAAGGAAUUGACGGAAGGGCACCACCAGGCGUGGAGCCUGCGGCUUAAUUUGACUCAACACGGGGAAACUUACCAGGUCCAGACAUAGCAAGGAUUGACAGACUGAGAGCUCUUUCUUGAUUCUAUGGGUGGUGGUGCAUGGCCGUUCUUAGUUGGUGGAGCGAUUUGUCUGGUUAAUUCCGUUAACGAACGAGACCUCAGCCUGCUAACUAGCUAUGCGGAGCCAUCCCUCCGCAGCUAGCUUCUUAGAGGGACUAUGGCCGUUUAGGCCACGGAAGUUUGAGGCAAUAACAGGUCUGUGAUGCCCUUAGAUGUUCUGGGCCGCACGCGCGCUACACUGAUGUAUCCAACGAGUAUAUAGCCUUGGCCGACAGGCCCGGGUAAUCUUGGGAAAUUUCAUCGUGAUGGGGAUAGAUCAUUGCAAUUGUUGGUCUUCAACGAGGAAUGCCUAGUAAGCGCGAGUCAUCAGCUCGCGUUGACUACGUCCCUGCCCUUUGUACACACCGCCCGUCGCUCCUACCGAUUGAAUGGUCCGGUGAAGUGUUCGGAUCGCGGCGACGGGGGCGGUUCGCCGCCCCCGACGUCGCGAGAAGUCCAUUGAACCUUAUCAUUUAGAGGAAGGAGAAGUCGUAACAAGGUUUCCGUAGGUGAACCUGCGGAAGGAUCAUUG		1811		O_sativa	RASP_transcript:ENSRNA049476430-T1
RASP		3JCR_M	95.69	116							7.6099999999999998E-47		100	3JCR		transcript:ENST00000363286		AUACUCUGGUUUCUCUUCAGAUCGUAUAAAUCUUUCGCCUUUUACUAAAGAUUUCCGUGGAGAGGAACAACUCUGAGUCUUAAGCUAAUUUUUUGAGGCCUUGUUCCGACAAGGCU		116		Human	RASP_transcript:ENST00000363286
RASP		9SI0_B	100	438							0		100	9SI0		transcript:ENST00000363312		UGGGCCUGGGAGGGGUGGUGGCCAUUUUUUGUCUAACCCUAACUGAGAAGGGCGUAGGCGCCGUGCUUUUGCUCCCCGCGCGCUGUUUUUCUCGCUGACUUUCAGCGGGCGGAAAAGCCUCGGCCUGCCGCCUUCCACCGUUCAUUCUAGAGCAAACAAAAAAUGUCAGCUGCUGGCCCGUUCGCCCCUCCCGGGGACCUGCGGCGGGUCGCCUGCCCAGCCCCCGAACCCCGCCUGGAGGCCGCGGUCGGCCCGGGGCUUCUCCGGAGGCACCCACUGCCACCGCGAAGAGUUGGGCUCUGUCAGCCGCGGGUCUCUCGGGGGCGAGGGCGAGGUUCAGGCCUUUCAGGCCGCAGGAAGAGGAACGGAGCGAGUCCCCGCGCGCGGCGCGAUUCCCUGAGCUGUGGGACGUGCACCCAGGACUCGGCUCACACAUGC		438		Human	RASP_transcript:ENST00000363312
RASP		3JCR_M	100	141							1.86E-68		100	3JCR		transcript:ENST00000365668		AGCUUUGCGCAGUGGCAGUAUCGUAGCCAAUGAGGUUUAUCCGAGGCGCGAUUAUUGCUAAUUGAAAACUUUUCCCAAUACCCCGCCAUGACGACUUGAAAUAUAGUCGGCAUUGGCAAUUUUUGACAGUCUCUACGGAGA		141		Human	RASP_transcript:ENST00000365668
RASP		8XT3_L2	100	69							9.0699999999999999E-30		100	8XT3		transcript:ENST00000387342		CAGAGUGUAGCUUAACACAAAGCACCCAACUUACACUUAGGAGAUUUCAACUUAACUUGACCGCUCUGA		69		Human	RASP_transcript:ENST00000387342
RASP		8CBO_T	100	69							9.0699999999999999E-30		100	8CBO		transcript:ENST00000387365		AGAAAUAUGUCUGAUAAAAGAGUUACUUUGAUAGAGUAAAUAAUAGGAGCUUAAACCCCCUUAUUUCUA		69		Human	RASP_transcript:ENST00000387365
RASP		8RR3_T	100	72							2.2699999999999999E-31		100	8RR3		transcript:ENST00000387372		UAGGAUGGGGUGUGAUAGGUGGCACGGAGAAUUUUGGAUUCUCAGGGAUGGGUUCGAUUCUCAUAGUCCUAG		72		Human	RASP_transcript:ENST00000387372
RASP		8Z1G_T	100	66							3.61E-28		100	8Z1G		transcript:ENST00000387409		GGUAAAAUGGCUGAGUGAAGCAUUGGACUGUAAAUCUAAAGACAGGGGUUAGGCCUCUUUUUACCA		66		Human	RASP_transcript:ENST00000387409
RASP		6ZM6_w	100	65							1.2300000000000001E-27		100	6ZM6		transcript:ENST00000387439		UGGUAUAUAGUUUAAACAAAACGAAUGAUUUCGACUCAUUAAAUUAUGAUAAUCAUAUUUACCAA		65		Human	RASP_transcript:ENST00000387439
RASP		7L08_LL	100	954							0		100	7L08		transcript:ENST00000389680		AAUAGGUUUGGUCCUAGCCUUUCUAUUAGCUCUUAGUAAGAUUACACAUGCAAGCAUCCCCGUUCCAGUGAGUUCACCCUCUAAAUCACCACGAUCAAAAGGAACAAGCAUCAAGCACGCAGCAAUGCAGCUCAAAACGCUUAGCCUAGCCACACCCCCACGGGAAACAGCAGUGAUUAACCUUUAGCAAUAAACGAAAGUUUAACUAAGCUAUACUAACCCCAGGGUUGGUCAAUUUCGUGCCAGCCACCGCGGUCACACGAUUAACCCAAGUCAAUAGAAGCCGGCGUAAAGAGUGUUUUAGAUCACCCCCUCCCCAAUAAAGCUAAAACUCACCUGAGUUGUAAAAAACUCCAGUUGACACAAAAUAGACUACGAAAGUGGCUUUAACAUAUCUGAACACACAAUAGCUAAGACCCAAACUGGGAUUAGAUACCCCACUAUGCUUAGCCCUAAACCUCAACAGUUAAAUCAACAAAACUGCUCGCCAGAACACUACGAGCCACAGCUUAAAACUCAAAGGACCUGGCGGUGCUUCAUAUCCCUCUAGAGGAGCCUGUUCUGUAAUCGAUAAACCCCGAUCAACCUCACCACCUCUUGCUCAGCCUAUAUACCGCCAUCUUCAGCAAACCCUGAUGAAGGCUACAAAGUAAGCGCAAGUACCCACGUAAAGACGUUAGGUCAAGGUGUAGCCCAUGAGGUGGCAAGAAAUGGGCUACAUUUUCUACCCCAGAAAACUACGAUAGCCCUUAUGAAACUUAAGGGUCGAAGGUGGAUUUAGCAGUAAACUAAGAGUAGAGUGCUUAGUUGAACAGGGCCCUGAAGCGCGUACACACCGCCCGUCACCCUCCUCAAGUAUACUUCAAAGGACAUUUAACUAAAACCCCUACGCAUUUAUAUAGAGGAGACAAGUCGUAACAUGGUAAGUGUACUGGAAAGUGCACUUGGACGAAC		954		Human	RASP_transcript:ENST00000389680
RASP		9SI0_B	100	451							0		83	9SI0		transcript:ENST00000602385		GGGUUGCGGAGGGUGGGCCUGGGAGGGGUGGUGGCCAUUUUUUGUCUAACCCUAACUGAGAAGGGCGUAGGCGCCGUGCUUUUGCUCCCCGCGCGCUGUUUUUCUCGCUGACUUUCAGCGGGCGGAAAAGCCUCGGCCUGCCGCCUUCCACCGUUCAUUCUAGAGCAAACAAAAAAUGUCAGCUGCUGGCCCGUUCGCCCCUCCCGGGGACCUGCGGCGGGUCGCCUGCCCAGCCCCCGAACCCCGCCUGGAGGCCGCGGUCGGCCCGGGGCUUCUCCGGAGGCACCCACUGCCACCGCGAAGAGUUGGGCUCUGUCAGCCGCGGGUCUCUCGGGGGCGAGGGCGAGGUUCAGGCCUUUCAGGCCGCAGGAAGAGGAACGGAGCGAGUCCCCGCGCGCGGCGCGAUUCCCUGAGCUGUGGGACGUGCACCCAGGACUCGGCUCACACAUGCAGUUCGCUUUCCUGUUGGUGGGGGGAACGCCGAUCGUGCGCAUCCGUCACCCCUCGCCGGCAAUGGGGGCUUGUGAACCCCCAAACCUGA		541		Human	RASP_transcript:ENST00000602385
RASP		9EVT_2	93.494	1491							0		88	9EVT		transcript:EPlORYSAT000373647		AUCAUAGUCAAAAUCUGAGUUUGAUCCUGGCUCAGAAGGAACGCUAGCUAUAUGCUUAACACAUGCAAGUCGAACGUUGUUUUCGGGGAGCUGGGCAGAAGGAAAAGAGGCUCCUAGCUAAAGUAGUCUCGCCCUGCUUCAAAACUACAGGGCGCGCGCUACGGCUUUGACCUAACGGCCUCCGUUUGCUGGAAUCGGAAUAGUUGAGAACAAAGUGGCGAACGGGUGCGUAACGCGUGGGAAUCUGCCGAACAGUUCGGGCCAAAUCCUGAAGAAAGCUCAAAAGCGCUGUUUGAUGAGCCUGCGUAGUAUUAGGUAGUUGGUCGGGUAAAGGCUGACCAAGCCAAUGAUGCUUAGCUGGUCUUUUCGGAUGAUCAGCCACACUGGGACUGAGACACGGCCCGGACUCCCACGGGGGGCAGCAGUGGGGAAUCUUGGACAAUGGGCGAAAGCCCGAUCCAGCAAUAUCGCGUGAGUGAAGAAGGGCAAUGCCGCUUGUAAAGCUCUUUCGUCGAGUGCGCGAUCAUGACAGGACUCGAGGAAGAAGCCCCGGCUAACUCCGUGCCAGCAGCCGCGGUAAGACGGGGGGGGCAAGUGUUCUUCGGAAUGACUAGGCGUAAAGGGCACGUAGGCGGUGAAUCGGGUUGAAAGUGAAAGUCGCCAAAAAGUGGCGGAAUGCUCUCGAAACCAAUUCACUUGAGUGAGACAGAGGAGAGUGGAAUUUCGUGUGUAGGGGUGAAAUCCGUAGAUCUACGAAGGAACGCCAAAAGCGAAGGCAGCUCUCUGGGUCCCUACCGACGCUGGGGUGCGAAAGCAUGGGGAGCGAACAGGAUUAGAUACCCUGGUAGUCCAUGCCGUAAACGAUGAGUGUUCGCCCUUGGUCUACGCGGAUCAGGGGCCCAGCUAACGCGUGAAACACUCCGCCUGGGGAGUACGGUCGCAAGACCGAAACUCAAAGGAAUUGACGGGGGCCUGCACAAGCGGUGGAGCAUGUGGUUUAAUUCGAUACAACGCGCAAAACCUUACCAGCCCUUGACAUAUGAACAACAAAACCUGUCCUUAACGGGAUGGUACUGACUUUCAUACAGGUGCUGCAUGGCUGUCGUCAGCUCGUGUCGUGAGAUGUUUGGUCAAGUCCUAUAACGAGCGAAACCCUCGUUUUGUGUUGCUGAGACAUGCGCCUAAGGAGAAAUUGUGGUACGUAGUGGUAAUAGUACGCGCCCCGCUCCGAAACAAAGAAAAAGGUGCGUGCCGCACUCACGAGGGACUGCCAGUGAGAUACUGGAGGAAGGUGGGGAUGACGUCAAGUCCGCAUGGCCCUUAUGGGCUGGGCCACACACGUGCUACAAUGGCAAUGACAAUGGGAAGCAAGGCUGUAAGGCGGAGCGAAUCCGGAAAGAUUGCCUCAGUUCGGAUUGUUCUCUGCAACUCGGGAACAUGAAGUUGAAAUCGCUAGUAAUCGCGGAUCAGCAUGCCGCGGUGAAUAUGUACCCGGGCCCUGUACACACCGCCCGUCACACCCUGGGAAUUGGUUUCGCCCGAAGCAUCGGACCAAUGAUCACCCACGACUUCUGUGUACCACUAGUGCCACAAAGGCCUUUGGUGGUCUUAUUGGCGCAUACCACGGUGGGGUCUUCGACUGGGGUGAAGUCGUAACAAGGUAGCCGUAGGGGAACCUGUGGCUGGAUUGAAUCC		1695		O_sativa	RASP_transcript:EPlORYSAT000373647
RASP		5X8R_a	96.581999999999994	1492							0		100	5X8R		transcript:EPlORYSAT000373839		UCUCAUGGAGAGUUCGAUCCUGGCUCAGGAUGAACGCUGGCGGCAUGCUUAACACAUGCAAGUCGAACGGGAAGUGGUGUUUCCAGUGGCGAACGGGUGAGUAACGCGUAAGAACCUGCCCUUGGGAGGGGAACAACAACUGGAAACGGUUGCUAAUACCCCGUAGGCUGAGGAGCAAAAGGAGAAAUCCGCCCAAGGAGGGGCUCGCGUCUGAUUAGCUAGUUGGUGAGGCAAUAGCUUACCAAGGCGAUGAUCAGUAGCUGGUCCGAGAGGAUGAUCAGCCACACUGGGACUGAGACACGGCCCAGACUCCUACGGGAGGCAGCAGUGGGGAAUUUUCCGCAAUGGGCGAAAGCCUGACGGAGCAAUGCCGCGUGGAGGUGGAAGGCCCACGGGUCGUCAACUUCUUUUCUCGGAGAAGAAACAAUGACGGUAUCUGAGGAAUAAGCAUCGGCUAACUCUGUGCCAGCAGCCGCGGUAAGACAGAGGAUGCAAGCGUUAUCCGGAAUGAUUGGGCGUAAAGCGUCUGUAGGUGGCUUUUCAAGUCCGCCGUCAAAUCCCAGGGCUCAACCCUGGACAGGCGGUGGAAACUACCAAGCUGGAGUACGGUAGGGGCAGAGGGAAUUUCCGGUGGAGCGGUGAAAUGCAUUGAGAUCGGAAAGAACACCAACGGCGAAAGCACUCUGCUGGGCCGACACUGACACUGAGAGACGAAAGCUAGGGGAGCAAAUGGGAUUAGAGACCCCAGUAGUCCUAGCCGUAAACGAUGGAUACUAGGUGCUGUGCGACUCGACCCGUGCAGUGCUGUAGCUAACGCGUUAAGUAUCCCGCCUGGGGAGUACGUUCGCAAGAAUGAAACUCAAAGGAAUUGACGGGGGCCCGCACAAGCGGUGGAGCAUGUGGUUUAAUUCGAUGCAAAGCGAAGAACCUUACCAGGGCUUGACAUGCCGCGAAUCCUCUUGAAAGAGAGGGGUGCCCUCGGGAACGCGGACACAGGUGGUGCAUGGCUGUCGUCAGCUCGUGCCGUAAGGUGUUGGGUUAAGUCUCGCAACGAGCGCAACCCUCGUGUUUAGUUGCCACUAUGAGUUUGGAACCCUGAACAGACCGCCGGUGUUAAGCCGGAGGAAGGAGAGGAUGAGGCCAAGUCAUCAUGCCCCUUAUGCCCUGGGCGACACACGUGCUACAAUGGGCGGGACAAAGGGUCGCGAUCUCGCGAGGGUGAGCUAACUCCAAAAACCCGUCCUCAGUUCGGAUUGCAGGCUGCAACUCGCCUGCAUGAAGCAGGAAUCGCUAGUAAUCGCCGGUCAGCCAUACGGCGGUGAAUCCGUUCCCGGGCCUUGUACACACCGCCCGUCACACUAUAGGAGCUGGCCAUGUUUGAAGUCAUUACCCUUAACCGUAAGGAGGGGGAUGCCUAAGGCUAGGCUUGCGACUGGAGUGAAGUCGUAACAAGGUAGCCGUACUGGAAGGUGCGGCUGGAUCACCUCCUUU		1491		O_sativa	RASP_transcript:EPlORYSAT000373839
RASP		9N78_L0	100	700							0		100	9N78		transcript:ETS1-1_rRNA		AUGCGAAAGCAGUUGAAGACAAGUUCGAAAAGAGUUUGGAAACGAAUUCGAGUAGGCUUGUCGUUCGUUAUGUUUUUGUAAAUGGCCUCGUCAAACGGUGGAGAGAGUCGCUAGGUGAUCGUCAGAUCUGCCUAGUCUCUAUACAGCGUGUUUAAUUGACAUGGGUUGAUGCGUAUUGAGAGAUACAAUUUGGGAAGAAAUUCCCAGAGUGUGUUUCUUUUGCGUUUAACCUGAACAGUCUCAUCGUGGGCAUCUUGCGAUUCCAUUGGUGAGCAGCGAAGGAUUUGGUGGAUUACUAGCUAAUAGCAAUCUAUUUCAAAGAAUUCAAACUUGGGGGAAUGCCUUGUUGAAUAGCCGGUCGCAAGACUGUGAUUCUUCAAGUGUAACCUCCUCUCAAAUCAGCGAUAUCAAACGUACCAUUCCGUGAAACACCGGGGUAUCUGUUUGGUGGAACCUGAUUAGAGGAAACUCAAAGAGUGCUAUGGUAUGGUGACGGAGUGCGCUGGUCAAGAGUGUAAAAGCUUUUUGAACAGAGAGCAUUUCCGGCAGCAGAGAGACCUGAAAAAGCAAUUUUUCUGGAAUUUCAGCUGUUUCCAAACUCAAUAAGUAUCUUCUAGCAAGAGGGAAUAGGUGGGAAAAAAAAAAAGAGAUUUCGGUUUCUUUCUUUUUUACUGCUUGUUGCUUCUUCUUUUAAGAUAGU		700		Yeast	RASP_transcript:ETS1-1_rRNA
RASP		8V87_6	100	232							1.2999999999999999E-117		100	8V87		transcript:ITS2-1_rRNA		CCUUCUCAAACAUUCUGUUUGGUAGUGAGUGAUACUCUUUGGAGUUAACUUGAAAUUGCUGGCCUUUUCAUUGGAUGUUUUUUUUCCAAAGAGAGGUUUCUCUGCGUGCUUGAGGUAUAAUGCAAGUACGGUCGUUUUAGGUUUUACCAACUGCGGCUAAUCUUUUUUUAUACUGAGCGUAUUGGAACGUUAUCGAUAAGAAGAGAGCGUCUAGGCGAACAAUGUUCUUAAA		232		Yeast	RASP_transcript:ITS2-1_rRNA
RASP		9DTR_2	100	1175							0		100	9DTR		transcript:LSR1_snRNA		ACGAAUCUCUUUGCCUUUUGGCUUAGAUCAAGUGUAGUAUCUGUUCUUUUCAGUGUAACAACUGAAAUGACCUCAAUGAGGCUCAUUACCUUUUAAUUUGUUACAAUACACAUUUUUUGGCACCCAAAAUAAUAAAAUGGACGGGAAGAGACUUUUUAAGCAAGUUGUUUUCCGCUAAUGUCAGGUCUCACUACUUUUUGCUGCUAUUUUUCUUCGCUCAUGGUUUCUUCAUAAGGCGUUUUUAUGAUGGUUUUUCGAAAUUGGUUUUUGAGACGACGGUUGCUCAAGGUUAUUGUUUUUGUUUUCUUCUGGUUGUUUUCUAUUUUCUUUUUUUUAGCUUUCUGUUUCUCCCUUAGUUUGGCUUUUUGCUUCAUACUCUUCCCUGUCUUUCCGAGCCGUUUAUGUCCAACGCGGGAUUUGGUUUUUCUUUAUCGAUGGGAAGAAAUGGUGCUAUAGUAGGUUGGGAGAUAAUAUUUAUGGUAUGGGGUGCUAGUGCGGAUGGGGCGCUCUUAUUGUUGAUUUCUUCGCUCGUCUUCUUUUUCUGGUGGCGCUGCAAGAGGAAGUUUUUCGACUUUGUUAUGAUUUUUGGUUUGCAAGGAAAGGUGUCUUACGAUUCUUUUUUUGAUGUAAUAGGAUAAGCUUGCUUAUCCCCCAAGUAUCGGCCAAAGUUGUUGAUUUUCCUUUUGAAGUGUCCUCGGUUUGAGGGGGUGUAGGGUGGGGUUGGUCUACAAUAAGAGUGUUCCAUUGUUAACGUGCUGGCGUCUUUUACUAUAUUUUUUUUCCCAGUUUAUUUUGUGCUUAUUUUCUCAUUGAGGAGAAGGAGCUCUUCUCGCAGGAUAUAAAUGGAGGUUUGCUAAAGGGGAGGAGAUGUGUUUGUGAGAAUACUGCUGAGAGAGUUCUGGAAGAGAAAAAAAGGAGGCAAUGGAAGGCGUUUGCUGGGAAAAGAGAAGAGCCAUGACUGCAUCUGUUGUUUCAAGGCCAGUUUUAUUAACCGCCUAUGUCAUAGAGGCGUUUUUUUUGGAGGGAUUUGAAGAAUGCCGGCGGCAUCAAGAAACGGACUUGAUGGUUGACGCCUGUUUUUAAAGUUAGAGACGUCGCGACCCUCGCACUUGUGGAGUCGUUCUUGACUUUUACUUUGGUCGCUUGAUGUUUCUCUCGUCUUCCCGUUCGCUCUU		1175		Yeast	RASP_transcript:LSR1_snRNA
RASP		6W6V_A	100	340							4.61E-176		100	6W6V		transcript:NME1_snoRNA		AAUCCAUGACCAAAGAAUCGUCACAAAUCGAAGCUUACAAAAUGGAGUAAAAUUUUUUUUACUCAGUAAUAUGCUUUGGGUUGAAAGUCUCCCACCAAUUCGUAUGCGGAAAACGUAAUGAGAUUUAAAAAUUUUAAAUUGUUUAAAUCAACUCAUUAAGGAGGAUGCCCUUGGGUAUUCUGCUUCUUGACCUGGUACCUCUAUUGCAGGGUACUGGUGUUUUCUUCGGUACUGGAUUCCGUUUGUAUGGAAUCUAAACCAUAGUUAUGACGAUUGCUCUUUCCCGUGCUGGAUCGAGUAACCCAAUGGAGCUUACUAUUCUUGGUCCAUGGAUUCACCC		340		Yeast	RASP_transcript:NME1_snoRNA
RASP		6AH3_A	100	369							0		100	6AH3		transcript:RPR1_ncRNA		GUGGAACAGUGGUAAUUCCUACGAUUAAGAAACCUGUUUACAGAAGGAUCCCCACCUAUGGGCGGGUUAUCAGAUAUUAUCAGGUGGGAAAUUCGGUGGAACACAGUGGAGCCUUGUCCUCCGGGUUAAUGUCGCUUUUGGCAUUGGCCCCUGCUCCUGAGAGAAGAAAUAUACUGGGGAACCAGUCUUUACCGACCGUUGUUAUCAGAAAUUCACGGAGUUCGGCCUAGGUCGGACUCCGAUGGGAACGGCAACGGUUGUUCCGUUUGACUUGUCGCCCGCUACGGCGUGAGCGUCAAGGUCUGUUGAGUGCAAUCGUAGGACGUCAUUAGUGGCGAACCCGAUACCGAUUACUGCUGCUGUUCCAGC		369		Yeast	RASP_transcript:RPR1_ncRNA
RASP		5ZWM_I	100	160							1.04E-78		100	5ZWM		transcript:snR14_snRNA		UCCUUAUGCACGGGAAAUACGCAUAUCAGUGAGGAUUCGUCCGAGAUUGUGUUUUUGCUGGUUGAAAUUUAAUUAUAAACCAGACCGUCUCCUCAUGGUCAAUUCGGUGUUCGCUUUUGAAUACUUCAAGACUAUGUAGGGAAUUUUUGGAAUACCUUU		160		Yeast	RASP_transcript:snR14_snRNA
RASP		9N7B_L2	100	319							1.7099999999999999E-164		65	9N7B		transcript:snR17a_snoRNA		GUCGACGUACUUCAGUAUGUAAUAUACCCCAAACAUUUUACCCACAAAAAACCAGGAUUUGAAAACUAUAGCAUCUAAAAGUCUUAGGUACUAGAGUUUUCAUUUCGGAGCAGGCUUUUUGAAAAAUUUAAUUCAACCAUUGCAGCAGCUUUUGACUAACACAUUCUACAGUAGGAUCAUUUCUAUAGGAAUCGUCACUCUUUGACUCUUCAAAAGAGCCACUGAAUCCAACUUGGUUGAUGAGUCCCAUAACCUUUGUACCCCAGAGUGAGAAACCGAAAUUGAAUCUAAAUUAGCUUGGUCCGCAAUCCUUAGCGGUUCGGCCAUCUAUAAUUUUGAAUAAAAAUUUUGCUUUGCCGUUGCAUUUGUAGUUUUUUCCUUUGGAAGUAAUUACAAUAUUUUAUGGCGCGAUGAUCUUGACCCAUCCUAUGUACUUCUUUUUUGAAGGGAUAGGGCUCUAUGGGUGGGUACAAAUGGCAGUCUGACAAGU		490		Yeast	RASP_transcript:snR17a_snoRNA
RASP		9N7B_L2	91.536000000000001	319							1.6099999999999998E-126		69	9N7B		transcript:snR17b_snoRNA		GUCGACGUACUUCAGUAUGUUUUAUACCAUAUACUUUAUUAGGAAUAUAACAAAGCAUACCCAAUAAUUAGGCAAUGCGAUUGUCGUAUUCAACAACCAUCUUCUAUUUCACCAGCUUCAGGUUUUGACUAACACAUUCAACAGUAGGAUCAUUUCUAUAGGAAUCGUCACUCUUUGACUCUUCAAAAGAGCCACUGAAUCCAACUUGGUUGAUGAGCCCCAUAACCUUUGUACCCCAGAGUGAGGAAAUGAAAUCGAAUUUAAAUUAGCUUGGUCCGCAAUCCUUAGCGGUUCGGCCAUCUAUAAUUUUGAAUAAAAUUUUGCUUUGCCGUUGCAAUUGUGAUAACUUCCUUUGGAAUUUGUUGCGAUAUUUAAUGGCGCGAUGAUCUUGACCCAUCCUAUGUGCUUCCAUUUUGGAAGGAUAGGGAUUCAUGGGUGGGUACAAAUGGCAGUCUGACAAGU		462		Yeast	RASP_transcript:snR17b_snoRNA
RASP		8W2O_R	100	568							0		100	8W2O		transcript:snR19_snRNA		AUACUUACCUUAAGAUAUCAGAGGAGAUCAAGAAGUCCUACUGAUCAAACAUGCGCUUCCAAUAGUAGAAGGACGUUAAGCAUUUAUCAUUGAACUAUAAUUGUUCAUUGAAGUCAUUGAUGCAAACUCCUUGGUCACACACACAUACGGCGCGGAAGGCGUGUUUGCUGACGUUUCCAUUCCCUUGUUUCAAUCAUUGGUUAAUCCCUUGAUUCCUUUGGGGAUUUUUGGGUUAAACUGAUUUUUGGGGCCCUUUGUUUCUUCUGCCUGGAGAAGUUUGACACCAAAUUCAAAUUGGUGUUAGGGGAGCUGGGGCCUUUCAAAAGAGAGCUUUGUAGAGGCAUUCUUUUUGACUACUUUUCUCUAGCGUGCCAUUUUAGUUUUUGACGGCAGAUUCGAAUGAACUUAAGUUUAUGAUGAAGGUAUGGCUGUUGAGAUUAUUUGGUCGGGAUUGUAGUUUGAAGAUGUGCUCUUUUGAGCAGUCUCAACUUUGCUCGUUCCCGUUAUGGGAAAAAUUUUGGAAGGUCUUGGUAGGAACGGGUGGAUCUUAUAAUUUUUGAUUUAUUUU		568		Yeast	RASP_transcript:snR19_snRNA
RASP		9G28_4	100	606							0		100	9G28		transcript:snR30_snoRNA		AACCAUAGUCUCGUGCUAGUUCGGUACUAUACAGGGAAGGGAAGUCACUCGCAUACGUGUGUGUGCAUUUCUUGCUAUUGCUGCUUAGCUUCUCUAAAACACUGGGCUAGCGUUUUUCAACGCUCGAGAGGCAGAGUCUCAAGGAGCCUCCAAUGGGCCUCACGUAUUCAUCUAGAUGGCGCUUCGGACAACGGCAUCACAUAAGAGAUGCAGCUCCUGACUUCUCCUCUGAUCUUCGUGAUCAGAGUUUUGAGUCGUCAGACUACGAGCAGUUUCUCUUAGUCGUUGCAUCGGGUGCUGUUGCCUUAACGAUGUGUAUAUGGGGUUCGGGGGCUGUUGCCAUGAUAUAUAUGGAUGAGACAGAAGUGGCCCCGUUGACGAGUUUAACUUAGAUUAAGUAGGACGCAUGAUCUUGAGCUCUUUUCCUAUACUUUGUCCUAUGGCCAGCUUUCUCCUUAUUACGAAGAGAUUGCGGGAUGUGGGUGCAGAGUGGGAAAAUCUGAGUUCGGUCAUCUUUGUUGUUCGUCCUACCGCAGUAUAUUCCUAAACACUAUGAAAUGACCCUAGUUGGUCCAUGAUCAUUUGGGUAAAACCAUACUGCAGACA		606		Yeast	RASP_transcript:snR30_snoRNA
RASP		9DTR_2	100	112							7.7700000000000001E-53		100	9DTR		transcript:snR6-L_snRNA		GUUCGCGAAGUAACCCUUCGUGGACAUUUGGUCAAUUUGAAACAAUACAGAGAUGAUCAGCAGUUCCCCUGCAUAAGGAUGAACCGUUUUACAAAGAGAUUUAUUUCGUUUU		112		Yeast	RASP_transcript:snR6-L_snRNA
RASP		9DTR_2	100	214							7.0199999999999998E-108		100	9DTR		transcript:snR7-L_snRNA		AAGCAGCUUUACAGAUCAAUGGCGGAGGGAGGUCAACAUCAAGAACUGUGGGCCUUUUAUUGCCUAUAGAACUUAUAACGAACAUGGUUCUUGCCUUUUACCAGAACCAUCCGGGUGUUGUCUCCAUAGAAACAGGUAAAGCUGUCCGUUACUGUGGGCUUGCCAUAUUUUUUGGAACUUUUCUGCCCUUUUUCUCAAUGAGUAAGGAGGGCGU		214		Yeast	RASP_transcript:snR7-L_snRNA
RASP		6EXN_5	100	179							5.7300000000000003E-89		100	6EXN		transcript:snR7-S_snRNA		AAGCAGCUUUACAGAUCAAUGGCGGAGGGAGGUCAACAUCAAGAACUGUGGGCCUUUUAUUGCCUAUAGAACUUAUAACGAACAUGGUUCUUGCCUUUUACCAGAACCAUCCGGGUGUUGUCUCCAUAGAAACAGGUAAAGCUGUCCGUUACUGUGGGCUUGCCAUAUUUUUUGGAACU		179		Yeast	RASP_transcript:snR7-S_snRNA
RASP		9BDP_TIRN	100	73							6.63E-32		100	9BDP		transcript:tA(AGC)D_tRNA		GGGCGUGUGGCGUAGUCGGUAGCGCGCUCCCUUAGCAUGGGAGAGGUCUCCGGUUCGAUUCCGGACUCGUCCA		73		Yeast	RASP_transcript:tA(AGC)D_tRNA
RASP		8ASW_X	100	73							6.63E-32		100	8ASW		transcript:tA(UGC)A_tRNA		GGGCACAUGGCGCAGUUGGUAGCGCGCUUCCCUUGCAAGGAAGAGGUCAUCGGUUCGAUUCCGGUUGCGUCCA		73		Yeast	RASP_transcript:tA(UGC)A_tRNA
RASP		3EPL_F	100	69							9.6400000000000005E-30		96	3EPL		transcript:tC(GCA)B_tRNA		GCUCGUAUGGCGCAGUGGUAGCGCAGCAGAUUGCAAAUCUGUUGGUCCUUAGUUCGAUCCUGAGUGCGAGCU		72		Yeast	RASP_transcript:tC(GCA)B_tRNA
RASP		486D_E	100	72							2.2699999999999999E-31		100	486D		transcript:tD(GUC)B_tRNA		UCCGUGAUAGUUUAAUGGUCAGAAUGGGCGCUUGUCGCGUGCCAGAUCGGGGUUCAAUUCCCCGUCGCGGAG		72		Yeast	RASP_transcript:tD(GUC)B_tRNA
RASP		9ZXR_A	100	71							7.7600000000000001E-31		100	9XZR		transcript:tG(GCC)C_tRNA		GCGCAAGUGGUUUAGUGGUAAAAUCCAACGUUGCCAUCGUUGGGCCCCCGGUUCGAUUCCGGGCUUGCGCA		71		Yeast	RASP_transcript:tG(GCC)C_tRNA
RASP		8UTI_n	100	72							2.2699999999999999E-31		100	8UTI		transcript:tM(CAU)C_tRNA		AGCGCCGUGGCGCAGUGGAAGCGCGCAGGGCUCAUAACCCUGAUGUCCUCGGAUCGAAACCGAGCGGCGCUA		72		Yeast	RASP_transcript:tM(CAU)C_tRNA
RASP		7R81_u1	100	73							6.63E-32		100	7R81		transcript:tR(ACG)D_tRNA		UUCCUCGUGGCCCAAUGGUCACGGCGUCUGGCUACGAACCAGAAGAUUCCAGGUUCAAGUCCUGGCGGGGAAG		73		Yeast	RASP_transcript:tR(ACG)D_tRNA
RASP		4YYE_D	100	73							7.0200000000000005E-32		96	4YYE		transcript:tT(UGU)Q1_tRNA		GUUAUAUUAGCUUAAUUGGUAGAGCAUUCGUUUUGUAAUCGAAAGGUUUGGGGUUCAAAUCCCUAAUAUAACAAUA		76		Yeast	RASP_transcript:tT(UGU)Q1_tRNA
RNAStructure		9ztl_A	100	110							3.4100000000000002E-53		100	9ztl	16SFWJ_1M7_0001.rdat	16S rRNA Four-Way Junction	RNAStructure	GGGAAACUGCCUGAUGGAGGGGGAUAACUACUGGAAACGGUAGCUAAUACCGCAUAACGUCGCAAGACCAAAGAGGGGGACCUUCGGGCCUCUUGCCAUCGGAUGUGCCC	(((..((...(((((((.((((..((.((((((....)))))).))...)))).....(((....))).....((((((.((....)))))))).)))))))..)).)))	110			RMDB_16SFWJ_1M7_0001
Riboswitches		1y26_X	100	71							9.9299999999999997E-32		96	1y26	ADDSC_1M7_0007.rdat	add Adenine Riboswitch, V. vulnificus	Riboswitches	GGACGCUUCAUAUAAUCCUAAUGAUAUGGUUUGGGAGUUUCUACCAAGAGCCUUAAACUCUUGAUUAUGAAGUG	...(((((((((...((((((.........))))))........((((((.......))))))..)))))))).	74			RMDB_ADDSC_1M7_0007
General		1am0_A	100	40							6.6099999999999997E-15		100	1am0	ATPCON_DMS_0001.rdat	ATP_control	General	GGGUUGGGAAGAAACUGUGGCACUUCGGUGCCAGCAACCC	((((((...........((((((....)))))).))))))	40			RMDB_ATPCON_DMS_0001
General		6wlk_A	100	129							1.13E-63		100	6wlk	ATTR03_DMS_0001.rdat	ATP-TTR_3	General	GCGAUAUGGCAUGGAAUCAGCUCAAGGAACUGUGAACGUAUAUCGGGCAACGACUAGGAAACUAGUCGUUGGGAAGAAACUGCCGAUAUACGGGAGUUCCUUGAGCGGGAGAUUCCAUGCCUAAGUCGC	(((((..(((((((((((.((((((((((((.....((((((((((.((((((((((....))))))))))((......)).))))))))))..))))))))))))....)))))))))))...)))))	129			RMDB_ATTR03_DMS_0001
Riboswitches		3ucz_R	92.391000000000005	92							1.9899999999999999E-30		86	3ucz	CIDGMP_1M7_0001.rdat	cidGMP riboswitch, V. Cholerae	Riboswitches	ggUGUCACGCACAGGGCAAACCAUUCGAAAGAGUGGGACGCAAAGCCUCCGGCCUAAACCAGAAGACAUGGUAGGUAGCGGGGUUACCGAUGGCAAAAUGCAUAC	..........................................................................................................	105			RMDB_CIDGMP_1M7_0001
Eterna		3I3c_S	94.167000000000002	120							8.1999999999999998E-46		80	3I3c	ETERNA_R82_0000.rdat	EteRNA Cloud Lab	Eterna	AUAAAAGCGCCAGAACUACAGAAAUGUAGUUGACGAGGAGGAGGUUUAUCGAAUUUUCGGCGGAUGCCUCCGUUGUUCAUCACAACCGCAAGCUUUUACUUAAAUCAUUAAGGUGACUUAGUGGACAAAGGUGAAAGUGUGAUGAAAA	....................................................................................................................................................	148			RMDB_ETERNA_R82_0000
Riboswitches		6wlm_A	100	169							1.1099999999999999E-85		82	6wlm	GLYCFN_KNK_0001.rdat	glycine riboswitch, F. nucleatum	Riboswitches	ggaaauaaUCGGAUGAAGAUAUGAGGAGAGAUUUCAUUUUAAUGAAACACCGAAGAAGUAAAUCUUUCAGGUAAAAAGGACUCAUAUUGGACGAACCUCUGGAGAGCUUAUCUAAGAGAUAACACCGAAGGAGCAAAGCUAAUUUUAGCCUAAACUCUCAGGUAAAAGGACGGAGaaaacaaaacaaagaaacaacaacaacaac	........(((......((((((((......((((((....)))))).(((....(((.....)))...)))........))))))))...)))..(((((......(((((.....))))).(((....(((....((((....)))).....)))...))).......)))))..............................	205			RMDB_GLYCFN_KNK_0001
Eterna		3L3C_S	100	140							1.5500000000000001E-67		46	3L3C	OK7BLIB_2A3_0000.rdat	OpenKnot7b	Eterna	GGGAACGACUCGAGUAGAGUCGAAAAUAAGAGACGGAGUUGGGGUUUUUCGAAACCCCAACUCCGUCUCUUAAAAAGCACCAUUGCACUCCGGUGCCAGUUGACGAGGUGGGGUUUAUCGAGAUUUCGGCGGAUGACUCCCGGUUGUUCAUCACAACCGCAAGCUUUUACUUAAAUCAUUAAGGUGACUUAGUGGACAAAGGUGAAAGUGUGAUGAAAAAGAUUCACAACGAUUCUCAUGUUUCGACAUGAGAAUCGUUGUGAAUCCUCCCCCCUUCGGGGGGGAGAAAAGAAACAACAACAACAAC	.....((((((.....))))))......((((((((.((((((((((((((.......))))))....(((((((.....))))))))))))))).((((((((....)))))))).((((((((((((((.......))))))....(((((((.....))))))))))))))).((((((((....)))))))).(((((((((((((((.....)))))))....(((((((.....))))))))))))))).))))))))..((((((((....)))))))).....................	307			RMDB_OK7BLIB_2A3_0000
RNAStructure		6POM_A	99.259	135							2.2099999999999999E-63		65	6POM	PDB130_2A3_0000.rdat	DasLabBigLib2_OneMil2_pdb	RNAStructure	GGGAACGACUCGAGUAGAGUCGAAAAUACUUGCGUUACCUCAUGAAAGCGACCUUAGGGCGGUGUAAGCUAAGGAUGAGCACGCAACGAAAGGCAUUCUUGAGCAAUUUUAAAAAAGAGGCUGGGAUUUUGUUCUCAGCAACUAGGGUGGAACCGCGGUAUGGCGCACGUUCGCGUGCGCCAUACCAAAAGAAACAACAACAACAAC	...............................................................................................................................................................................................................	207			RMDB_PDB130_2A3_0000
RNAStructure		6POM_A	99.259	135							2.2099999999999999E-63		65	6POM	PDB130_DMS_0000.rdat	DasLabBigLib2_OneMil2_pdb	RNAStructure	GGGAACGACUCGAGUAGAGUCGAAAAUACUUGCGUUACCUCAUGAAAGCGACCUUAGGGCGGUGUAAGCUAAGGAUGAGCACGCAACGAAAGGCAUUCUUGAGCAAUUUUAAAAAAGAGGCUGGGAUUUUGUUCUCAGCAACUAGGGUGGAACCGCGGUAUGGCGCACGUUCGCGUGCGCCAUACCAAAAGAAACAACAACAACAAC	...............................................................................................................................................................................................................	207			RMDB_PDB130_DMS_0000
RNAStructure		3L3C_S	100	140							1.5500000000000001E-67		46	3L3C	POS240_DMS_0000.rdat	Positives240	RNAStructure	GGGAACGACUCGAGUAGAGUCGAAAAGUCUGUCUACGGACAGACAACGAACUCUUCGGAGUUCGAGACCAGCUACGGCUGGUCAGGUGCGCUACGGCGCACCAGGAGUUCGUGAGAACUCCAAGGCACCAUUGCACUCCGGUGCCAGUUGACGAGGUGGGGUUUAUCGAGAUUUCGGCGGAUGACUCCCGGUUGUUCAUCACAACCGCAAGCUUUUACUUAAAUCAUUAAGGUGACUUAGUGGACAAAGGUGAAAGUGUGAUGAUAGAUGCGUGUUCGCACGCAUCAAAAGAAACAACAACAACAAC	...................................................................................................................................................................................................................................................................................................................	307			RMDB_POS240_DMS_0000
RNAStructure		4QLN_A	100	124							4.8800000000000001E-59		60	4QLN	PSEUDOB_DMS_0000.rdat	DasLabBigLib2_OneMil2_pseudobase	RNAStructure	GGGAACGACUCGAGUAGAGUCGAAAAAAGGGAUCGCUGAACCCGAAAGGGGCGGGGGACCCAGAAAUGGGGCGAAUCUCUUCCGAAAGGAAGAGUAGGGUUACUCCUUCGACCCGAGCCCGUCAGCUAACCUCGCAAGCGUCCGAAGGAGAAUGGGGGAAAAACGAUUCUUCGGAAUCGUUUUUCCAAAAGAAACAACAACAACAAC	...............................................................................................................................................................................................................	207			RMDB_PSEUDOB_DMS_0000
Puzzle		4TZZ_L	100	96							3.09E-44		100	4TZZ	RNAPZ10_STD_0001.rdat	RNA_Puzzle 10	Puzzle	UGCGAUGAGAAGAAGAGUAUUAAGGAUUUACUAUGAUUAGCGACUCUAGGAUAGUGAAAGCUAGAGGAUAGUAACCUUAAGAAGGCACUUCGAGCA	................................................................................................	96			RMDB_RNAPZ10_STD_0001
Puzzle		6pom_B	100	75							6.0400000000000001E-34		100	6pom	RNAPZ10_STD_0002.rdat	RNA_Puzzle_10	Puzzle	GCGGAAGUAGUUCAGUGGUAGAACACCACCUUGCCAAGGUGGGGGUCGCGGGUUCGAAUCCCGUCUUCCGCUCCA	...........................................................................	75			RMDB_RNAPZ10_STD_0002
Puzzle		5lyv_B	100	57							4.1200000000000001E-24		100	5lyv	RNAPZ11_STD_0002.rdat	RNA_Puzzle_11	Puzzle	GGGAUCUGUCACCCCAUUGAUCGCCUUCGGGCUGAUCUGGCUGGCUAGGCGGGUCCC	((((((((((.(((((..(((((((....))).)))))))..))...))))))))))	57			RMDB_RNAPZ11_STD_0002
Puzzle		5ddr_B	98.361000000000004	61							1.2700000000000001E-24		100	5ddr	RNAPZ14_HRF_0002.rdat	RNA_Puzzle_14	Puzzle	CGUUGACCCAGGAAACUGGGCGGAAGUAAGGCCCAUUGCACUCCGGGCCUGAAGCAACGCG	(((((.(((((....)))))((....))((((((..........))))))....)))))))	61			RMDB_RNAPZ14_HRF_0002
Puzzle		5ddo_B	98.361000000000004	61							1.2700000000000001E-24		100	5ddo	RNAPZ14_HRF_0003.rdat	RNA_Puzzle_14	Puzzle	CGUUGGCCCAGGAAACUGGGUGGAAGUAAGGCCCAUUGCACUCCGGGCCUGAAGCAACGCU	(((((((((((....))))))((...))((((((..........))))))....)))))).	61			RMDB_RNAPZ14_HRF_0003
Puzzle		5DDR_B	97.778000000000006	45							3.6799999999999998E-15		70	5DDR	RNAPZ14_MCA_0004.rdat	RNA_Puzzle 14	Puzzle	GGCGUUGACCCAGGAAACUGGGCGGAAGUAAGGCCCAUUGCACUCCGCUGUAGGCACCAUCAAU	.................................................................................	64			RMDB_RNAPZ14_MCA_0004
Puzzle		5DDR_B	97.778000000000006	45							3.6799999999999998E-15		70	5DDR	RNAPZ14_MCA_0005.rdat	RNA_Puzzle 14	Puzzle	GGCGUUGACCCAGGAAACUGGGCGGAAGUAAGGCCCAUUGCACUCCGCUGUAGGCACCAUCAAU	.................................................................................	64			RMDB_RNAPZ14_MCA_0005
Puzzle		5DDO_B	97.778000000000006	45							3.6799999999999998E-15		70	5DDO	RNAPZ14_MCA_0006.rdat	RNA_Puzzle 14	Puzzle	GGCGUUGGCCCAGGAAACUGGGUGGAAGUAAGGCCCAUUGCACUCCGCUGUAGGCACCAUCAAU	.................................................................................	64			RMDB_RNAPZ14_MCA_0006
Puzzle		5DDO_B	97.778000000000006	45							3.6799999999999998E-15		70	5DDO	RNAPZ14_MCA_0007.rdat	RNA_Puzzle 14	Puzzle	GGCGUUGGCCCAGGAAACUGGGUGGAAGUAAGGCCCAUUGCACUCCGCUGUAGGCACCAUCAAU	.................................................................................	64			RMDB_RNAPZ14_MCA_0007
Puzzle		4p8z_A	99.468000000000004	188							1.2900000000000001E-94		100	4p8z	RNAPZ5_HRF_0001.rdat	RNA_Puzzle_5	Puzzle	GGUUGGGUUGGGAAGUAUCAUGGCUAAUCACCAUGAUGCAAUCGGGUUGAACACUUAAUUGGGUUAAAACGGUGGGGGACGAUCCCGUAACAUCCGUCCUAACGGCGACAGACUGCACGGCCCUGCCUCUUAGGUGUGUUCAAUGAACAGUCGUUCCGAAAGGAAGCAUCCGGUAUCCCAAGACAAUC	(((((..(((((..(((((((((.......)))))))))..((((.((((((((......(((((...((((((((((....))))....)).))))((....)).....[[[[[...))))).((((...))))))))))))....]]]]].((((....))))....))))...)))))..)))))	188			RMDB_RNAPZ5_HRF_0001
Puzzle		4gxy_A	100	168							3.2000000000000003E-85		100	4gxy	RNAPZ6_STD_0001.rdat	RNA_Puzzle_6	Puzzle	CGGCAGGUGCUCCCGACCCUGCGGUCGGGAGUUAAAAGGGAAGCCGGUGCAAGUCCGGCACGGUCCCGCCACUGUGACGGGGAGUCGCCCCUCGGGAUGUGCCACUGGCCCGAAGGCCGGGAAGGCGGAGGGGCGGCGAGGAUCCGGAGUCAGGAAACCUGCCUGCCG	........................................................................................................................................................................	168			RMDB_RNAPZ6_STD_0001
Puzzle		4r4v_A	100	185							1.27E-94		100	4r4v	RNAPZ7_1M7_0001.rdat	RNA_Puzzle_7	Puzzle	GCGCUGUGUCGCAAUCUGCGAAGGGCGUCGUCGGCCCAAGCGGUAGUAAGCAGGGAACUCACCUCCAAUGAAACACAUUGUCGUAGCAGUUGACUACUGUUAUGUGAUUGGUAGAGGCUAAGUGACGGUAUUGGCGUAAGCCAAUACCGCAGCACAGCACAAGCCCGCUUGCGAGAUUACAGCGC	.........................................................................................................................................................................................	185			RMDB_RNAPZ7_1M7_0001
RNAStructure		7uo5_B	100	248							1.67E-129		100	7uo5	RNASEP_1M7_0001.rdat	RNase P specificity region, E. coli	RNAStructure	GAAGCUGACCAGACAGUCGCCGCUUCGUCGUCGUCCUCUUCGGGGGAGACGGGCGGAGGGGAGGAAAGUCCGGGCUCCAUAGGGCAGGGUGCCAGGUAACGCCUGGGGGGGAAACCCACGACCAGUGCAACAGAGAGCAAACCGCCGAUGGCCCGCGCAAGCGGGAUCAGGUAAGGGUGAAAGGGUGCGGUAAGAGCGCACCGCGCGGCUGGUAACAGUCCGUGGCACGGUAAACUCCACCCGGAGCA	........................................................................................................................................................................................................................................................	248			RMDB_RNASEP_1M7_0001
RNAStructure		1GID_B	100	130							2.7000000000000002E-62		63	1GID	RSTRND_DMS_0000.rdat	DasLabBigLib2_OneMil2_rnastrand	RNAStructure	GGGAACGACUCGAGUAGAGUCGAAAAGAAUUGCGGGAAAGGGGUCAACAGCCGUUCAGUACCAAGUCUCAGGGGAAACUUUGAGAUGGCCUUGCAAAGGGUAUGGUAAUAAGCUGACGGACAUGGUCCUAACCACGCAGCCAAGUCCUAAGUCAACGUCCGUCGCACACUUCGGUGUGCGACGGACAAAAGAAACAACAACAACAAC	...............................................................................................................................................................................................................	207			RMDB_RSTRND_DMS_0000
Riboswitches		4kqy_A	98.319000000000003	119							2.93E-54		99	4kqy	SAMRSW_1M7_0001.rdat	SAM I riboswitch, T. tengcongenesis	Riboswitches	ggUUCUUAUCAAGAGAAGCAGAGGGACUGGCCCGACGAAGCUUCAGCAACCGGUGUAAUGGCGAUCAGCCAUGACCAAGGUGCUAAAUCCAGCAAGCUCGAACAGCUUGGAAGAUAAGAA	........................................................................................................................	120			RMDB_SAMRSW_1M7_0001
RNAStructure		5gah_1	100	113							8.5699999999999998E-55		90	5gah	SRPECLI_BZCN_0001.rdat	SRP RNA, E. coli	RNAStructure	AUCGGGGGCUCUGUUGGUUCUCCCGCAACGCUACUCUGUUUACCAGGUCAGGUCCGGAAGGAAGCAGCCAAGGCAGAUGACGCGUGUGCCGGGAUGUAGCUGGCAGGGCCCCCACCCGGGUCGGC	.............................................................................................................................	125			RMDB_SRPECLI_BZCN_0001
Riboswitches		7tzs_Y	100	80							1.1E-36		100	7tzs	TPPSC_1M7_0005.rdat	TPP Riboswitch, E. coli	Riboswitches	GGACUCGGGGUGCCCUUCUGCGUGAAGGCUGAGAAAUACCCGUAUCACCUGAUCUGGAUAAUGCCAGCGUAGGGAAGUUC	.((((((((.((((.(((.....))))))......)..)))).....(((...((((......))))...)))..)))).	80			RMDB_TPPSC_1M7_0005
RNAStructure		9y4g_Bb	100	76							1.7399999999999999E-34		99	9y4g	TRNAPH_1M7_0000.rdat	tRNAphe, E. coli	RNAStructure	gGCGGAUUUAGCUCAGUUGGGAGAGCGCCAGACUGAAGAUCUGGAGGUCCUGUGUUCGAUCCACAGAAUUCGCACCA	.............................................................................	77			RMDB_TRNAPH_1M7_0000
RNAStructure		8i7n_N		167							1.1000000000000001E-80		82	8i7n	TRP4P6_CMC_0001.rdat	P4-P6 domain, Tetrahymena ribozyme	RNAStructure	ggccaaaacaacgGAAUUGCGGGAAAGGGGUCAACAGCCGUUCAGUACCAAGUCUCAGGGGAAACUUUGAGAUGGCCUUGCAAAGGGUAUGGUAAUAAGCUGACGGACAUGGUCCUAACCACGCAGCCAAGUCCUAAGUCAACAGAUCUUCUGUUGAUAUGGAUGCAGUUCAAAACCaaaccaaagaaacaacaacaacaac	98.802000000000007	202			RMDB_TRP4P6_CMC_0001
RNAStructure		9zc6_A	100	158							1.11E-79		99	9zc6	TRP4P6_DMS_0014.rdat	P4-P6 domain, Tetrahymena ribozyme	RNAStructure	GGAAUUGCGGGAAAGGGGUCAACAGCCGUUCAGUACCAAGUCUCAGGGGAAACUUUGAGAUGGCCUUGCAAAGGGUAUGGUAAUAAGCUGACGGACAUGGUCCUAACCACGCAGCCAAGUCCUAAGUCAACAGAUCUUCUGUUGAUAUGGAUGCAGUUCA	.....((((((...((((((.....(((.((((.(((..(((((((((....)))))))))..((.......))....)))......)))))))....))))))..)).))))((...((((...(((((((((...)))))))))..))))...))…	160			RMDB_TRP4P6_DMS_0014
RNAStructure		1GID_B	100	158							1.2499999999999999E-77		100	1GID	TRP4P6_HRF_0003.rdat	P4-P6 domain, Tetrahymena ribozyme	RNAStructure	GAAUUGCGGGAAAGGGGUCAACAGCCGUUCAGUACCAAGUCUCAGGGGAAACUUUGAGAUGGCCUUGCAAAGGGUAUGGUAAUAAGCUGACGGACAUGGUCCUAACCACGCAGCCAAGUCCUAAGUCAACAGAUCUUCUGUUGAUAUGGAUGCAGUUC	.....((((((...((((((.....(((.((((.(((..(((((((((....)))))))))..((.......))....)))......)))))))....))))))..)).))))((...((((...(((((((((...)))))))))..))))...))........	158			RMDB_TRP4P6_HRF_0003
