rmdb_unique_id	pdb_reference_id	pdb_id	alignment_column	rmdb_query_pos	pdb_pos	rmdb_base	pdb_base	match_state
rmdbseq_18560e7fe5ba3a9ad34513be694601881023d8b8	10FZ_A	10FZ	1	27	1	A	A	match
rmdbseq_18560e7fe5ba3a9ad34513be694601881023d8b8	10FZ_A	10FZ	2	28	2	A	A	match
rmdbseq_18560e7fe5ba3a9ad34513be694601881023d8b8	10FZ_A	10FZ	3	29	3	A	A	match
rmdbseq_18560e7fe5ba3a9ad34513be694601881023d8b8	10FZ_A	10FZ	4	30	4	U	U	match
rmdbseq_18560e7fe5ba3a9ad34513be694601881023d8b8	10FZ_A	10FZ	5	31	5	U	U	match
rmdbseq_18560e7fe5ba3a9ad34513be694601881023d8b8	10FZ_A	10FZ	6	32	6	G	G	match
rmdbseq_18560e7fe5ba3a9ad34513be694601881023d8b8	10FZ_A	10FZ	7	33	7	A	A	match
rmdbseq_18560e7fe5ba3a9ad34513be694601881023d8b8	10FZ_A	10FZ	8	34	8	A	A	match
rmdbseq_18560e7fe5ba3a9ad34513be694601881023d8b8	10FZ_A	10FZ	9	35	9	G	G	match
rmdbseq_18560e7fe5ba3a9ad34513be694601881023d8b8	10FZ_A	10FZ	10	36	10	A	A	match
rmdbseq_18560e7fe5ba3a9ad34513be694601881023d8b8	10FZ_A	10FZ	11	37	11	G	G	match
rmdbseq_18560e7fe5ba3a9ad34513be694601881023d8b8	10FZ_A	10FZ	12	38	12	U	U	match
rmdbseq_18560e7fe5ba3a9ad34513be694601881023d8b8	10FZ_A	10FZ	13	39	13	U	U	match
rmdbseq_18560e7fe5ba3a9ad34513be694601881023d8b8	10FZ_A	10FZ	14	40	14	U	U	match
rmdbseq_18560e7fe5ba3a9ad34513be694601881023d8b8	10FZ_A	10FZ	15	41	15	G	G	match
rmdbseq_18560e7fe5ba3a9ad34513be694601881023d8b8	10FZ_A	10FZ	16	42	16	A	A	match
rmdbseq_18560e7fe5ba3a9ad34513be694601881023d8b8	10FZ_A	10FZ	17	43	17	U	U	match
rmdbseq_18560e7fe5ba3a9ad34513be694601881023d8b8	10FZ_A	10FZ	18	44	18	C	C	match
rmdbseq_18560e7fe5ba3a9ad34513be694601881023d8b8	10FZ_A	10FZ	19	45	19	A	A	match
rmdbseq_18560e7fe5ba3a9ad34513be694601881023d8b8	10FZ_A	10FZ	20	46	20	U	U	match
rmdbseq_18560e7fe5ba3a9ad34513be694601881023d8b8	10FZ_A	10FZ	21	47	21	G	G	match
rmdbseq_18560e7fe5ba3a9ad34513be694601881023d8b8	10FZ_A	10FZ	22	48	22	G	G	match
rmdbseq_18560e7fe5ba3a9ad34513be694601881023d8b8	10FZ_A	10FZ	23	49	23	C	C	match
rmdbseq_18560e7fe5ba3a9ad34513be694601881023d8b8	10FZ_A	10FZ	24	50	24	U	U	match
rmdbseq_18560e7fe5ba3a9ad34513be694601881023d8b8	10FZ_A	10FZ	25	51	25	C	C	match
rmdbseq_18560e7fe5ba3a9ad34513be694601881023d8b8	10FZ_A	10FZ	26	52	26	A	A	match
rmdbseq_18560e7fe5ba3a9ad34513be694601881023d8b8	10FZ_A	10FZ	27	53	27	G	G	match
rmdbseq_18560e7fe5ba3a9ad34513be694601881023d8b8	10FZ_A	10FZ	28	54	28	A	A	match
rmdbseq_18560e7fe5ba3a9ad34513be694601881023d8b8	10FZ_A	10FZ	29	55	29	U	U	match
rmdbseq_18560e7fe5ba3a9ad34513be694601881023d8b8	10FZ_A	10FZ	30	56	30	U	U	match
rmdbseq_18560e7fe5ba3a9ad34513be694601881023d8b8	10FZ_A	10FZ	31	57	31	G	G	match
rmdbseq_18560e7fe5ba3a9ad34513be694601881023d8b8	10FZ_A	10FZ	32	58	32	A	A	match
rmdbseq_18560e7fe5ba3a9ad34513be694601881023d8b8	10FZ_A	10FZ	33	59	33	A	A	match
rmdbseq_18560e7fe5ba3a9ad34513be694601881023d8b8	10FZ_A	10FZ	34	60	34	C	C	match
rmdbseq_18560e7fe5ba3a9ad34513be694601881023d8b8	10FZ_A	10FZ	35	61	35	G	G	match
rmdbseq_18560e7fe5ba3a9ad34513be694601881023d8b8	10FZ_A	10FZ	36	62	36	C	C	match
rmdbseq_18560e7fe5ba3a9ad34513be694601881023d8b8	10FZ_A	10FZ	37	63	37	U	U	match
rmdbseq_18560e7fe5ba3a9ad34513be694601881023d8b8	10FZ_A	10FZ	38	64	38	G	G	match
rmdbseq_18560e7fe5ba3a9ad34513be694601881023d8b8	10FZ_A	10FZ	39	65	39	G	G	match
rmdbseq_18560e7fe5ba3a9ad34513be694601881023d8b8	10FZ_A	10FZ	40	66	40	C	C	match
rmdbseq_18560e7fe5ba3a9ad34513be694601881023d8b8	10FZ_A	10FZ	41	67	41	G	G	match
rmdbseq_18560e7fe5ba3a9ad34513be694601881023d8b8	10FZ_A	10FZ	42	68	42	G	G	match
rmdbseq_18560e7fe5ba3a9ad34513be694601881023d8b8	10FZ_A	10FZ	43	69	43	C	C	match
rmdbseq_18560e7fe5ba3a9ad34513be694601881023d8b8	10FZ_A	10FZ	44	70	44	A	A	match
rmdbseq_18560e7fe5ba3a9ad34513be694601881023d8b8	10FZ_A	10FZ	45	71	45	G	G	match
rmdbseq_18560e7fe5ba3a9ad34513be694601881023d8b8	10FZ_A	10FZ	46	72	46	G	G	match
rmdbseq_18560e7fe5ba3a9ad34513be694601881023d8b8	10FZ_A	10FZ	47	73	47	C	C	match
rmdbseq_18560e7fe5ba3a9ad34513be694601881023d8b8	10FZ_A	10FZ	48	74	48	C	C	match
rmdbseq_18560e7fe5ba3a9ad34513be694601881023d8b8	10FZ_A	10FZ	49	75	49	U	U	match
rmdbseq_18560e7fe5ba3a9ad34513be694601881023d8b8	10FZ_A	10FZ	50	76	50	A	A	match
rmdbseq_18560e7fe5ba3a9ad34513be694601881023d8b8	10FZ_A	10FZ	51	77	51	A	A	match
rmdbseq_18560e7fe5ba3a9ad34513be694601881023d8b8	10FZ_A	10FZ	52	78	52	C	C	match
rmdbseq_18560e7fe5ba3a9ad34513be694601881023d8b8	10FZ_A	10FZ	53	79	53	A	A	match
rmdbseq_18560e7fe5ba3a9ad34513be694601881023d8b8	10FZ_A	10FZ	54	80	54	C	C	match
rmdbseq_18560e7fe5ba3a9ad34513be694601881023d8b8	10FZ_A	10FZ	55	81	55	A	A	match
rmdbseq_18560e7fe5ba3a9ad34513be694601881023d8b8	10FZ_A	10FZ	56	82	56	U	U	match
rmdbseq_18560e7fe5ba3a9ad34513be694601881023d8b8	10FZ_A	10FZ	57	83	57	G	G	match
rmdbseq_18560e7fe5ba3a9ad34513be694601881023d8b8	10FZ_A	10FZ	58	84	58	C	C	match
rmdbseq_18560e7fe5ba3a9ad34513be694601881023d8b8	10FZ_A	10FZ	59	85	59	A	A	match
rmdbseq_18560e7fe5ba3a9ad34513be694601881023d8b8	10FZ_A	10FZ	60	86	60	A	A	match
rmdbseq_18560e7fe5ba3a9ad34513be694601881023d8b8	10FZ_A	10FZ	61	87	61	G	G	match
rmdbseq_18560e7fe5ba3a9ad34513be694601881023d8b8	10FZ_A	10FZ	62	88	62	U	U	match
rmdbseq_18560e7fe5ba3a9ad34513be694601881023d8b8	10FZ_A	10FZ	63	89	63	C	C	match
rmdbseq_18560e7fe5ba3a9ad34513be694601881023d8b8	10FZ_A	10FZ	64	90	64	G	G	match
rmdbseq_18560e7fe5ba3a9ad34513be694601881023d8b8	10FZ_A	10FZ	65	91	65	A	A	match
rmdbseq_18560e7fe5ba3a9ad34513be694601881023d8b8	10FZ_A	10FZ	66	92	66	A	A	match
rmdbseq_18560e7fe5ba3a9ad34513be694601881023d8b8	10FZ_A	10FZ	67	93	67	C	C	match
rmdbseq_18560e7fe5ba3a9ad34513be694601881023d8b8	10FZ_A	10FZ	68	94	68	G	G	match
rmdbseq_18560e7fe5ba3a9ad34513be694601881023d8b8	10FZ_A	10FZ	69	95	69	G	G	match
rmdbseq_18560e7fe5ba3a9ad34513be694601881023d8b8	10FZ_A	10FZ	70	96	70	U	U	match
rmdbseq_18560e7fe5ba3a9ad34513be694601881023d8b8	10FZ_A	10FZ	71	97	71	A	A	match
rmdbseq_18560e7fe5ba3a9ad34513be694601881023d8b8	10FZ_A	10FZ	72	98	72	A	A	match
rmdbseq_18560e7fe5ba3a9ad34513be694601881023d8b8	10FZ_A	10FZ	73	99	73	C	C	match
rmdbseq_18560e7fe5ba3a9ad34513be694601881023d8b8	10FZ_A	10FZ	74	100	74	A	A	match
rmdbseq_18560e7fe5ba3a9ad34513be694601881023d8b8	10FZ_A	10FZ	75	101	75	G	G	match
rmdbseq_18560e7fe5ba3a9ad34513be694601881023d8b8	10FZ_A	10FZ	76	102	76	G	G	match
rmdbseq_18560e7fe5ba3a9ad34513be694601881023d8b8	10FZ_A	10FZ	77	103	77	A	A	match
rmdbseq_18560e7fe5ba3a9ad34513be694601881023d8b8	10FZ_A	10FZ	78	104	78	A	A	match
rmdbseq_18560e7fe5ba3a9ad34513be694601881023d8b8	10FZ_A	10FZ	79	105	79	G	G	match
rmdbseq_18560e7fe5ba3a9ad34513be694601881023d8b8	10FZ_A	10FZ	80	106	80	A	A	match
rmdbseq_18560e7fe5ba3a9ad34513be694601881023d8b8	10FZ_A	10FZ	81	107	81	A	A	match
rmdbseq_18560e7fe5ba3a9ad34513be694601881023d8b8	10FZ_A	10FZ	82	108	82	G	G	match
rmdbseq_18560e7fe5ba3a9ad34513be694601881023d8b8	10FZ_A	10FZ	83	109	83	C	C	match
rmdbseq_18560e7fe5ba3a9ad34513be694601881023d8b8	10FZ_A	10FZ	84	110	84	U	U	match
rmdbseq_18560e7fe5ba3a9ad34513be694601881023d8b8	10FZ_A	10FZ	85	111	85	U	U	match
rmdbseq_18560e7fe5ba3a9ad34513be694601881023d8b8	10FZ_A	10FZ	86	112	86	G	G	match
rmdbseq_18560e7fe5ba3a9ad34513be694601881023d8b8	10FZ_A	10FZ	87	113	87	C	C	match
rmdbseq_18560e7fe5ba3a9ad34513be694601881023d8b8	10FZ_A	10FZ	88	114	88	U	U	match
rmdbseq_18560e7fe5ba3a9ad34513be694601881023d8b8	10FZ_A	10FZ	89	115	89	U	U	match
rmdbseq_18560e7fe5ba3a9ad34513be694601881023d8b8	10FZ_A	10FZ	90	116	90	C	C	match
rmdbseq_18560e7fe5ba3a9ad34513be694601881023d8b8	10FZ_A	10FZ	91	117	91	U	U	match
rmdbseq_18560e7fe5ba3a9ad34513be694601881023d8b8	10FZ_A	10FZ	92	118	92	U	U	match
rmdbseq_18560e7fe5ba3a9ad34513be694601881023d8b8	10FZ_A	10FZ	93	119	93	U	U	match
rmdbseq_18560e7fe5ba3a9ad34513be694601881023d8b8	10FZ_A	10FZ	94	120	94	G	G	match
rmdbseq_18560e7fe5ba3a9ad34513be694601881023d8b8	10FZ_A	10FZ	95	121	95	C	C	match
rmdbseq_18560e7fe5ba3a9ad34513be694601881023d8b8	10FZ_A	10FZ	96	122	96	U	U	match
rmdbseq_18560e7fe5ba3a9ad34513be694601881023d8b8	10FZ_A	10FZ	97	123	97	G	G	match
rmdbseq_18560e7fe5ba3a9ad34513be694601881023d8b8	10FZ_A	10FZ	98	124	98	A	A	match
rmdbseq_18560e7fe5ba3a9ad34513be694601881023d8b8	10FZ_A	10FZ	99	125	99	C	C	match
rmdbseq_18560e7fe5ba3a9ad34513be694601881023d8b8	10FZ_A	10FZ	100	126	100	G	G	match
rmdbseq_18560e7fe5ba3a9ad34513be694601881023d8b8	10FZ_A	10FZ	101	127	101	A	A	match
rmdbseq_18560e7fe5ba3a9ad34513be694601881023d8b8	10FZ_A	10FZ	102	128	102	G	G	match
rmdbseq_18560e7fe5ba3a9ad34513be694601881023d8b8	10FZ_A	10FZ	103	129	103	U	U	match
rmdbseq_18560e7fe5ba3a9ad34513be694601881023d8b8	10FZ_A	10FZ	104	130	104	G	G	match
rmdbseq_18560e7fe5ba3a9ad34513be694601881023d8b8	10FZ_A	10FZ	105	131	105	G	G	match
rmdbseq_18560e7fe5ba3a9ad34513be694601881023d8b8	10FZ_A	10FZ	106	132	106	C	C	match
rmdbseq_18560e7fe5ba3a9ad34513be694601881023d8b8	10FZ_A	10FZ	107	133	107	G	G	match
rmdbseq_18560e7fe5ba3a9ad34513be694601881023d8b8	10FZ_A	10FZ	108	134	108	G	G	match
rmdbseq_18560e7fe5ba3a9ad34513be694601881023d8b8	10FZ_A	10FZ	109	135	109	A	A	match
rmdbseq_18560e7fe5ba3a9ad34513be694601881023d8b8	10FZ_A	10FZ	110	136	110	C	C	match
rmdbseq_18560e7fe5ba3a9ad34513be694601881023d8b8	10FZ_A	10FZ	111	137	111	G	G	match
rmdbseq_18560e7fe5ba3a9ad34513be694601881023d8b8	10FZ_A	10FZ	112	138	112	G	G	match
rmdbseq_18560e7fe5ba3a9ad34513be694601881023d8b8	10FZ_A	10FZ	113	139	113	G	G	match
rmdbseq_18560e7fe5ba3a9ad34513be694601881023d8b8	10FZ_A	10FZ	114	140	114	U	U	match
rmdbseq_18560e7fe5ba3a9ad34513be694601881023d8b8	10FZ_A	10FZ	115	141	115	G	G	match
rmdbseq_18560e7fe5ba3a9ad34513be694601881023d8b8	10FZ_A	10FZ	116	142	116	A	A	match
rmdbseq_18560e7fe5ba3a9ad34513be694601881023d8b8	10FZ_A	10FZ	117	143	117	G	G	match
rmdbseq_18560e7fe5ba3a9ad34513be694601881023d8b8	10FZ_A	10FZ	118	144	118	U	U	match
rmdbseq_18560e7fe5ba3a9ad34513be694601881023d8b8	10FZ_A	10FZ	119	145	119	A	A	match
rmdbseq_18560e7fe5ba3a9ad34513be694601881023d8b8	10FZ_A	10FZ	120	146	120	A	A	match
rmdbseq_18560e7fe5ba3a9ad34513be694601881023d8b8	10FZ_A	10FZ	121	147	121	U	U	match
rmdbseq_18560e7fe5ba3a9ad34513be694601881023d8b8	10FZ_A	10FZ	122	148	122	G	G	match
rmdbseq_18560e7fe5ba3a9ad34513be694601881023d8b8	10FZ_A	10FZ	123	149	123	U	U	match
rmdbseq_18560e7fe5ba3a9ad34513be694601881023d8b8	10FZ_A	10FZ	124	150	124	C	C	match
rmdbseq_18560e7fe5ba3a9ad34513be694601881023d8b8	10FZ_A	10FZ	125	151	125	U	U	match
rmdbseq_18560e7fe5ba3a9ad34513be694601881023d8b8	10FZ_A	10FZ	126	152	126	G	G	match
rmdbseq_18560e7fe5ba3a9ad34513be694601881023d8b8	10FZ_A	10FZ	127	153	127	G	G	match
rmdbseq_18560e7fe5ba3a9ad34513be694601881023d8b8	10FZ_A	10FZ	128	154	128	G	G	match
rmdbseq_18560e7fe5ba3a9ad34513be694601881023d8b8	10FZ_A	10FZ	129	155	129	A	A	match
rmdbseq_18560e7fe5ba3a9ad34513be694601881023d8b8	10FZ_A	10FZ	130	156	130	A	A	match
rmdbseq_6a32edc2b80d53f4fc4b45caf32807dc95d15756	10FZ_A	10FZ	1	6	1489	G	G	match
rmdbseq_6a32edc2b80d53f4fc4b45caf32807dc95d15756	10FZ_A	10FZ	2	7	1490	U	U	match
rmdbseq_6a32edc2b80d53f4fc4b45caf32807dc95d15756	10FZ_A	10FZ	3	8	1491	G	G	match
rmdbseq_6a32edc2b80d53f4fc4b45caf32807dc95d15756	10FZ_A	10FZ	4	9	1492	A	A	match
rmdbseq_6a32edc2b80d53f4fc4b45caf32807dc95d15756	10FZ_A	10FZ	5	10	1493	A	A	match
rmdbseq_6a32edc2b80d53f4fc4b45caf32807dc95d15756	10FZ_A	10FZ	6	11	1494	G	G	match
rmdbseq_6a32edc2b80d53f4fc4b45caf32807dc95d15756	10FZ_A	10FZ	7	12	1495	U	U	match
rmdbseq_6a32edc2b80d53f4fc4b45caf32807dc95d15756	10FZ_A	10FZ	8	13	1496	C	C	match
rmdbseq_6a32edc2b80d53f4fc4b45caf32807dc95d15756	10FZ_A	10FZ	9	14	1497	G	G	match
rmdbseq_6a32edc2b80d53f4fc4b45caf32807dc95d15756	10FZ_A	10FZ	10	15	1498	U	U	match
rmdbseq_6a32edc2b80d53f4fc4b45caf32807dc95d15756	10FZ_A	10FZ	11	16	1499	A	A	match
rmdbseq_6a32edc2b80d53f4fc4b45caf32807dc95d15756	10FZ_A	10FZ	12	17	1500	A	A	match
rmdbseq_6a32edc2b80d53f4fc4b45caf32807dc95d15756	10FZ_A	10FZ	13	18	1501	C	C	match
rmdbseq_6a32edc2b80d53f4fc4b45caf32807dc95d15756	10FZ_A	10FZ	14	19	1502	A	A	match
rmdbseq_6a32edc2b80d53f4fc4b45caf32807dc95d15756	10FZ_A	10FZ	15	20	1503	A	A	match
rmdbseq_6a32edc2b80d53f4fc4b45caf32807dc95d15756	10FZ_A	10FZ	16	21	1504	G	G	match
rmdbseq_6a32edc2b80d53f4fc4b45caf32807dc95d15756	10FZ_A	10FZ	17	22	1505	G	G	match
rmdbseq_6a32edc2b80d53f4fc4b45caf32807dc95d15756	10FZ_A	10FZ	18	23	1506	U	U	match
rmdbseq_6a32edc2b80d53f4fc4b45caf32807dc95d15756	10FZ_A	10FZ	19	24	1507	A	A	match
rmdbseq_6a32edc2b80d53f4fc4b45caf32807dc95d15756	10FZ_A	10FZ	20	25	1508	A	A	match
rmdbseq_6a32edc2b80d53f4fc4b45caf32807dc95d15756	10FZ_A	10FZ	21	26	1509	C	C	match
rmdbseq_6a32edc2b80d53f4fc4b45caf32807dc95d15756	10FZ_A	10FZ	22	27	1510	C	C	match
rmdbseq_6a32edc2b80d53f4fc4b45caf32807dc95d15756	10FZ_A	10FZ	23	28	1511	G	G	match
rmdbseq_6a32edc2b80d53f4fc4b45caf32807dc95d15756	10FZ_A	10FZ	24	29	1512	U	U	match
rmdbseq_6a32edc2b80d53f4fc4b45caf32807dc95d15756	10FZ_A	10FZ	25	30	1513	A	A	match
rmdbseq_6a32edc2b80d53f4fc4b45caf32807dc95d15756	10FZ_A	10FZ	26	31	1514	G	G	match
rmdbseq_6a32edc2b80d53f4fc4b45caf32807dc95d15756	10FZ_A	10FZ	27	32	1515	G	G	match
rmdbseq_6a32edc2b80d53f4fc4b45caf32807dc95d15756	10FZ_A	10FZ	28	33	1516	G	G	match
rmdbseq_6a32edc2b80d53f4fc4b45caf32807dc95d15756	10FZ_A	10FZ	29	34	1517	G	G	match
rmdbseq_6a32edc2b80d53f4fc4b45caf32807dc95d15756	10FZ_A	10FZ	30	35	1518	A	A	match
rmdbseq_6a32edc2b80d53f4fc4b45caf32807dc95d15756	10FZ_A	10FZ	31	36	1519	A	A	match
rmdbseq_6a32edc2b80d53f4fc4b45caf32807dc95d15756	10FZ_A	10FZ	32	37	1520	C	C	match
rmdbseq_6a32edc2b80d53f4fc4b45caf32807dc95d15756	10FZ_A	10FZ	33	38	1521	C	C	match
rmdbseq_6a32edc2b80d53f4fc4b45caf32807dc95d15756	10FZ_A	10FZ	34	39	1522	U	U	match
rmdbseq_6a32edc2b80d53f4fc4b45caf32807dc95d15756	10FZ_A	10FZ	35	40	1523	G	G	match
rmdbseq_6a32edc2b80d53f4fc4b45caf32807dc95d15756	10FZ_A	10FZ	36	41	1524	C	C	match
rmdbseq_6a32edc2b80d53f4fc4b45caf32807dc95d15756	10FZ_A	10FZ	37	42	1525	G	G	match
rmdbseq_6a32edc2b80d53f4fc4b45caf32807dc95d15756	10FZ_A	10FZ	38	43	1526	G	G	match
rmdbseq_6a32edc2b80d53f4fc4b45caf32807dc95d15756	10FZ_A	10FZ	39	44	1527	U	U	match
rmdbseq_6a32edc2b80d53f4fc4b45caf32807dc95d15756	10FZ_A	10FZ	40	45	1528	U	U	match
rmdbseq_6a32edc2b80d53f4fc4b45caf32807dc95d15756	10FZ_A	10FZ	41	46	1529	G	G	match
rmdbseq_6a32edc2b80d53f4fc4b45caf32807dc95d15756	10FZ_A	10FZ	42	47	1530	G	G	match
rmdbseq_6a32edc2b80d53f4fc4b45caf32807dc95d15756	10FZ_A	10FZ	43	48	1531	A	A	match
rmdbseq_6a32edc2b80d53f4fc4b45caf32807dc95d15756	10FZ_A	10FZ	44	49	1532	U	U	match
rmdbseq_6a32edc2b80d53f4fc4b45caf32807dc95d15756	10FZ_A	10FZ	45	50	1533	C	C	match
rmdbseq_6a32edc2b80d53f4fc4b45caf32807dc95d15756	10FZ_A	10FZ	46	51	1534	A	A	match
rmdbseq_6a32edc2b80d53f4fc4b45caf32807dc95d15756	10FZ_A	10FZ	47	52	1535	C	C	match
rmdbseq_6a32edc2b80d53f4fc4b45caf32807dc95d15756	10FZ_A	10FZ	48	53	1536	C	C	match
rmdbseq_6a32edc2b80d53f4fc4b45caf32807dc95d15756	10FZ_A	10FZ	49	54	1537	U	U	match
rmdbseq_6a32edc2b80d53f4fc4b45caf32807dc95d15756	10FZ_A	10FZ	50	55	1538	C	C	match
rmdbseq_6a32edc2b80d53f4fc4b45caf32807dc95d15756	10FZ_A	10FZ	51	56	1539	C	C	match
rmdbseq_6a32edc2b80d53f4fc4b45caf32807dc95d15756	10FZ_A	10FZ	52	57	1540	U	U	match
rmdbseq_6a32edc2b80d53f4fc4b45caf32807dc95d15756	10FZ_A	10FZ	53	58	1541	U	U	match
rmdbseq_6a32edc2b80d53f4fc4b45caf32807dc95d15756	10FZ_A	10FZ	54	59	1542	A	A	match
rmdbseq_eef244ef9a85f21a4d6b4e2b7d1244258d77c6cb	10FZ_A	10FZ	1	25	1	A	A	match
rmdbseq_eef244ef9a85f21a4d6b4e2b7d1244258d77c6cb	10FZ_A	10FZ	2	26	2	A	A	match
rmdbseq_eef244ef9a85f21a4d6b4e2b7d1244258d77c6cb	10FZ_A	10FZ	3	27	3	A	A	match
rmdbseq_eef244ef9a85f21a4d6b4e2b7d1244258d77c6cb	10FZ_A	10FZ	4	28	4	U	U	match
rmdbseq_eef244ef9a85f21a4d6b4e2b7d1244258d77c6cb	10FZ_A	10FZ	5	29	5	U	U	match
rmdbseq_eef244ef9a85f21a4d6b4e2b7d1244258d77c6cb	10FZ_A	10FZ	6	30	6	G	G	match
rmdbseq_eef244ef9a85f21a4d6b4e2b7d1244258d77c6cb	10FZ_A	10FZ	7	31	7	A	A	match
rmdbseq_eef244ef9a85f21a4d6b4e2b7d1244258d77c6cb	10FZ_A	10FZ	8	32	8	A	A	match
rmdbseq_eef244ef9a85f21a4d6b4e2b7d1244258d77c6cb	10FZ_A	10FZ	9	33	9	G	G	match
rmdbseq_eef244ef9a85f21a4d6b4e2b7d1244258d77c6cb	10FZ_A	10FZ	10	34	10	A	A	match
rmdbseq_eef244ef9a85f21a4d6b4e2b7d1244258d77c6cb	10FZ_A	10FZ	11	35	11	G	G	match
rmdbseq_eef244ef9a85f21a4d6b4e2b7d1244258d77c6cb	10FZ_A	10FZ	12	36	12	U	U	match
rmdbseq_eef244ef9a85f21a4d6b4e2b7d1244258d77c6cb	10FZ_A	10FZ	13	37	13	U	U	match
rmdbseq_eef244ef9a85f21a4d6b4e2b7d1244258d77c6cb	10FZ_A	10FZ	14	38	14	U	U	match
rmdbseq_eef244ef9a85f21a4d6b4e2b7d1244258d77c6cb	10FZ_A	10FZ	15	39	15	G	G	match
rmdbseq_eef244ef9a85f21a4d6b4e2b7d1244258d77c6cb	10FZ_A	10FZ	16	40	16	A	A	match
rmdbseq_eef244ef9a85f21a4d6b4e2b7d1244258d77c6cb	10FZ_A	10FZ	17	41	17	U	U	match
rmdbseq_eef244ef9a85f21a4d6b4e2b7d1244258d77c6cb	10FZ_A	10FZ	18	42	18	C	C	match
rmdbseq_eef244ef9a85f21a4d6b4e2b7d1244258d77c6cb	10FZ_A	10FZ	19	43	19	A	A	match
rmdbseq_eef244ef9a85f21a4d6b4e2b7d1244258d77c6cb	10FZ_A	10FZ	20	44	20	U	U	match
rmdbseq_eef244ef9a85f21a4d6b4e2b7d1244258d77c6cb	10FZ_A	10FZ	21	45	21	G	G	match
rmdbseq_eef244ef9a85f21a4d6b4e2b7d1244258d77c6cb	10FZ_A	10FZ	22	46	22	G	G	match
rmdbseq_eef244ef9a85f21a4d6b4e2b7d1244258d77c6cb	10FZ_A	10FZ	23	47	23	C	C	match
rmdbseq_eef244ef9a85f21a4d6b4e2b7d1244258d77c6cb	10FZ_A	10FZ	24	48	24	U	U	match
rmdbseq_eef244ef9a85f21a4d6b4e2b7d1244258d77c6cb	10FZ_A	10FZ	25	49	25	C	C	match
rmdbseq_eef244ef9a85f21a4d6b4e2b7d1244258d77c6cb	10FZ_A	10FZ	26	50	26	A	A	match
rmdbseq_eef244ef9a85f21a4d6b4e2b7d1244258d77c6cb	10FZ_A	10FZ	27	51	27	G	G	match
rmdbseq_eef244ef9a85f21a4d6b4e2b7d1244258d77c6cb	10FZ_A	10FZ	28	52	28	A	A	match
rmdbseq_eef244ef9a85f21a4d6b4e2b7d1244258d77c6cb	10FZ_A	10FZ	29	53	29	U	U	match
rmdbseq_eef244ef9a85f21a4d6b4e2b7d1244258d77c6cb	10FZ_A	10FZ	30	54	30	U	U	match
rmdbseq_eef244ef9a85f21a4d6b4e2b7d1244258d77c6cb	10FZ_A	10FZ	31	55	31	G	G	match
rmdbseq_eef244ef9a85f21a4d6b4e2b7d1244258d77c6cb	10FZ_A	10FZ	32	56	32	A	A	match
rmdbseq_eef244ef9a85f21a4d6b4e2b7d1244258d77c6cb	10FZ_A	10FZ	33	57	33	A	A	match
rmdbseq_eef244ef9a85f21a4d6b4e2b7d1244258d77c6cb	10FZ_A	10FZ	34	58	34	C	C	match
rmdbseq_eef244ef9a85f21a4d6b4e2b7d1244258d77c6cb	10FZ_A	10FZ	35	59	35	G	G	match
rmdbseq_eef244ef9a85f21a4d6b4e2b7d1244258d77c6cb	10FZ_A	10FZ	36	60	36	C	C	match
rmdbseq_eef244ef9a85f21a4d6b4e2b7d1244258d77c6cb	10FZ_A	10FZ	37	61	37	U	U	match
rmdbseq_eef244ef9a85f21a4d6b4e2b7d1244258d77c6cb	10FZ_A	10FZ	38	62	38	G	G	match
rmdbseq_eef244ef9a85f21a4d6b4e2b7d1244258d77c6cb	10FZ_A	10FZ	39	63	39	G	G	match
rmdbseq_eef244ef9a85f21a4d6b4e2b7d1244258d77c6cb	10FZ_A	10FZ	40	64	40	C	C	match
rmdbseq_eef244ef9a85f21a4d6b4e2b7d1244258d77c6cb	10FZ_A	10FZ	41	65	41	G	G	match
rmdbseq_eef244ef9a85f21a4d6b4e2b7d1244258d77c6cb	10FZ_A	10FZ	42	66	42	G	G	match
rmdbseq_eef244ef9a85f21a4d6b4e2b7d1244258d77c6cb	10FZ_A	10FZ	43	67	43	C	C	match
rmdbseq_eef244ef9a85f21a4d6b4e2b7d1244258d77c6cb	10FZ_A	10FZ	44	68	44	A	A	match
rmdbseq_eef244ef9a85f21a4d6b4e2b7d1244258d77c6cb	10FZ_A	10FZ	45	69	45	G	G	match
rmdbseq_eef244ef9a85f21a4d6b4e2b7d1244258d77c6cb	10FZ_A	10FZ	46	70	46	G	G	match
rmdbseq_eef244ef9a85f21a4d6b4e2b7d1244258d77c6cb	10FZ_A	10FZ	47	71	47	C	C	match
rmdbseq_eef244ef9a85f21a4d6b4e2b7d1244258d77c6cb	10FZ_A	10FZ	48	72	48	C	C	match
rmdbseq_eef244ef9a85f21a4d6b4e2b7d1244258d77c6cb	10FZ_A	10FZ	49	73	49	U	U	match
rmdbseq_eef244ef9a85f21a4d6b4e2b7d1244258d77c6cb	10FZ_A	10FZ	50	74	50	A	A	match
rmdbseq_eef244ef9a85f21a4d6b4e2b7d1244258d77c6cb	10FZ_A	10FZ	51	75	51	A	A	match
rmdbseq_eef244ef9a85f21a4d6b4e2b7d1244258d77c6cb	10FZ_A	10FZ	52	76	52	C	C	match
rmdbseq_eef244ef9a85f21a4d6b4e2b7d1244258d77c6cb	10FZ_A	10FZ	53	77	53	A	A	match
rmdbseq_eef244ef9a85f21a4d6b4e2b7d1244258d77c6cb	10FZ_A	10FZ	54	78	54	C	C	match
rmdbseq_eef244ef9a85f21a4d6b4e2b7d1244258d77c6cb	10FZ_A	10FZ	55	79	55	A	A	match
rmdbseq_eef244ef9a85f21a4d6b4e2b7d1244258d77c6cb	10FZ_A	10FZ	56	80	56	U	U	match
rmdbseq_eef244ef9a85f21a4d6b4e2b7d1244258d77c6cb	10FZ_A	10FZ	57	81	57	G	G	match
rmdbseq_eef244ef9a85f21a4d6b4e2b7d1244258d77c6cb	10FZ_A	10FZ	58	82	58	C	C	match
rmdbseq_eef244ef9a85f21a4d6b4e2b7d1244258d77c6cb	10FZ_A	10FZ	59	83	59	A	A	match
rmdbseq_eef244ef9a85f21a4d6b4e2b7d1244258d77c6cb	10FZ_A	10FZ	60	84	60	A	A	match
rmdbseq_eef244ef9a85f21a4d6b4e2b7d1244258d77c6cb	10FZ_A	10FZ	61	85	61	G	G	match
rmdbseq_eef244ef9a85f21a4d6b4e2b7d1244258d77c6cb	10FZ_A	10FZ	62	86	62	U	U	match
rmdbseq_eef244ef9a85f21a4d6b4e2b7d1244258d77c6cb	10FZ_A	10FZ	63	87	63	C	C	match
rmdbseq_eef244ef9a85f21a4d6b4e2b7d1244258d77c6cb	10FZ_A	10FZ	64	88	64	G	G	match
rmdbseq_eef244ef9a85f21a4d6b4e2b7d1244258d77c6cb	10FZ_A	10FZ	65	89	65	A	A	match
rmdbseq_eef244ef9a85f21a4d6b4e2b7d1244258d77c6cb	10FZ_A	10FZ	66	90	66	A	A	match
rmdbseq_eef244ef9a85f21a4d6b4e2b7d1244258d77c6cb	10FZ_A	10FZ	67	91	67	C	C	match
rmdbseq_eef244ef9a85f21a4d6b4e2b7d1244258d77c6cb	10FZ_A	10FZ	68	92	68	G	G	match
rmdbseq_eef244ef9a85f21a4d6b4e2b7d1244258d77c6cb	10FZ_A	10FZ	69	93	69	G	G	match
rmdbseq_eef244ef9a85f21a4d6b4e2b7d1244258d77c6cb	10FZ_A	10FZ	70	94	70	U	U	match
rmdbseq_eef244ef9a85f21a4d6b4e2b7d1244258d77c6cb	10FZ_A	10FZ	71	95	71	A	A	match
rmdbseq_eef244ef9a85f21a4d6b4e2b7d1244258d77c6cb	10FZ_A	10FZ	72	96	72	A	A	match
rmdbseq_eef244ef9a85f21a4d6b4e2b7d1244258d77c6cb	10FZ_A	10FZ	73	97	73	C	C	match
rmdbseq_eef244ef9a85f21a4d6b4e2b7d1244258d77c6cb	10FZ_A	10FZ	74	98	74	A	A	match
rmdbseq_eef244ef9a85f21a4d6b4e2b7d1244258d77c6cb	10FZ_A	10FZ	75	99	75	G	G	match
rmdbseq_eef244ef9a85f21a4d6b4e2b7d1244258d77c6cb	10FZ_A	10FZ	76	100	76	G	G	match
rmdbseq_eef244ef9a85f21a4d6b4e2b7d1244258d77c6cb	10FZ_A	10FZ	77	101	77	A	A	match
rmdbseq_eef244ef9a85f21a4d6b4e2b7d1244258d77c6cb	10FZ_A	10FZ	78	102	78	A	A	match
rmdbseq_eef244ef9a85f21a4d6b4e2b7d1244258d77c6cb	10FZ_A	10FZ	79	103	79	G	G	match
rmdbseq_eef244ef9a85f21a4d6b4e2b7d1244258d77c6cb	10FZ_A	10FZ	80	104	80	A	A	match
rmdbseq_eef244ef9a85f21a4d6b4e2b7d1244258d77c6cb	10FZ_A	10FZ	81	105	81	A	A	match
rmdbseq_eef244ef9a85f21a4d6b4e2b7d1244258d77c6cb	10FZ_A	10FZ	82	106	82	G	G	match
rmdbseq_eef244ef9a85f21a4d6b4e2b7d1244258d77c6cb	10FZ_A	10FZ	83	107	83	C	C	match
rmdbseq_eef244ef9a85f21a4d6b4e2b7d1244258d77c6cb	10FZ_A	10FZ	84	108	84	U	U	match
rmdbseq_eef244ef9a85f21a4d6b4e2b7d1244258d77c6cb	10FZ_A	10FZ	85	109	85	U	U	match
rmdbseq_eef244ef9a85f21a4d6b4e2b7d1244258d77c6cb	10FZ_A	10FZ	86	110	86	G	G	match
rmdbseq_eef244ef9a85f21a4d6b4e2b7d1244258d77c6cb	10FZ_A	10FZ	87	111	87	C	C	match
rmdbseq_eef244ef9a85f21a4d6b4e2b7d1244258d77c6cb	10FZ_A	10FZ	88	112	88	U	U	match
rmdbseq_eef244ef9a85f21a4d6b4e2b7d1244258d77c6cb	10FZ_A	10FZ	89	113	89	U	U	match
rmdbseq_eef244ef9a85f21a4d6b4e2b7d1244258d77c6cb	10FZ_A	10FZ	90	114	90	C	C	match
rmdbseq_eef244ef9a85f21a4d6b4e2b7d1244258d77c6cb	10FZ_A	10FZ	91	115	91	U	U	match
rmdbseq_eef244ef9a85f21a4d6b4e2b7d1244258d77c6cb	10FZ_A	10FZ	92	116	92	U	U	match
rmdbseq_eef244ef9a85f21a4d6b4e2b7d1244258d77c6cb	10FZ_A	10FZ	93	117	93	U	U	match
rmdbseq_eef244ef9a85f21a4d6b4e2b7d1244258d77c6cb	10FZ_A	10FZ	94	118	94	G	G	match
rmdbseq_eef244ef9a85f21a4d6b4e2b7d1244258d77c6cb	10FZ_A	10FZ	95	119	95	C	C	match
rmdbseq_eef244ef9a85f21a4d6b4e2b7d1244258d77c6cb	10FZ_A	10FZ	96	120	96	U	U	match
rmdbseq_eef244ef9a85f21a4d6b4e2b7d1244258d77c6cb	10FZ_A	10FZ	97	121	97	G	G	match
rmdbseq_eef244ef9a85f21a4d6b4e2b7d1244258d77c6cb	10FZ_A	10FZ	98	122	98	A	A	match
rmdbseq_eef244ef9a85f21a4d6b4e2b7d1244258d77c6cb	10FZ_A	10FZ	99	123	99	C	C	match
rmdbseq_eef244ef9a85f21a4d6b4e2b7d1244258d77c6cb	10FZ_A	10FZ	100	124	100	G	G	match
rmdbseq_eef244ef9a85f21a4d6b4e2b7d1244258d77c6cb	10FZ_A	10FZ	101	125	101	A	A	match
rmdbseq_eef244ef9a85f21a4d6b4e2b7d1244258d77c6cb	10FZ_A	10FZ	102	126	102	G	G	match
rmdbseq_fc41fbca6857bb5dbf388aef57fae78a5c228c36	10FZ_A	10FZ	1	5	1	A	A	match
rmdbseq_fc41fbca6857bb5dbf388aef57fae78a5c228c36	10FZ_A	10FZ	2	6	2	A	A	match
rmdbseq_fc41fbca6857bb5dbf388aef57fae78a5c228c36	10FZ_A	10FZ	3	7	3	A	A	match
rmdbseq_fc41fbca6857bb5dbf388aef57fae78a5c228c36	10FZ_A	10FZ	4	8	4	U	U	match
rmdbseq_fc41fbca6857bb5dbf388aef57fae78a5c228c36	10FZ_A	10FZ	5	9	5	U	U	match
rmdbseq_fc41fbca6857bb5dbf388aef57fae78a5c228c36	10FZ_A	10FZ	6	10	6	G	G	match
rmdbseq_fc41fbca6857bb5dbf388aef57fae78a5c228c36	10FZ_A	10FZ	7	11	7	A	A	match
rmdbseq_fc41fbca6857bb5dbf388aef57fae78a5c228c36	10FZ_A	10FZ	8	12	8	A	A	match
rmdbseq_fc41fbca6857bb5dbf388aef57fae78a5c228c36	10FZ_A	10FZ	9	13	9	G	G	match
rmdbseq_fc41fbca6857bb5dbf388aef57fae78a5c228c36	10FZ_A	10FZ	10	14	10	A	A	match
rmdbseq_fc41fbca6857bb5dbf388aef57fae78a5c228c36	10FZ_A	10FZ	11	15	11	G	G	match
rmdbseq_fc41fbca6857bb5dbf388aef57fae78a5c228c36	10FZ_A	10FZ	12	16	12	U	U	match
rmdbseq_fc41fbca6857bb5dbf388aef57fae78a5c228c36	10FZ_A	10FZ	13	17	13	U	U	match
rmdbseq_fc41fbca6857bb5dbf388aef57fae78a5c228c36	10FZ_A	10FZ	14	18	14	U	U	match
rmdbseq_fc41fbca6857bb5dbf388aef57fae78a5c228c36	10FZ_A	10FZ	15	19	15	G	G	match
rmdbseq_fc41fbca6857bb5dbf388aef57fae78a5c228c36	10FZ_A	10FZ	16	20	16	A	A	match
rmdbseq_fc41fbca6857bb5dbf388aef57fae78a5c228c36	10FZ_A	10FZ	17	21	17	U	U	match
rmdbseq_fc41fbca6857bb5dbf388aef57fae78a5c228c36	10FZ_A	10FZ	18	22	18	C	C	match
rmdbseq_fc41fbca6857bb5dbf388aef57fae78a5c228c36	10FZ_A	10FZ	19	23	19	A	A	match
rmdbseq_fc41fbca6857bb5dbf388aef57fae78a5c228c36	10FZ_A	10FZ	20	24	20	U	U	match
rmdbseq_fc41fbca6857bb5dbf388aef57fae78a5c228c36	10FZ_A	10FZ	21	25	21	G	G	match
rmdbseq_fc41fbca6857bb5dbf388aef57fae78a5c228c36	10FZ_A	10FZ	22	26	22	G	G	match
rmdbseq_fc41fbca6857bb5dbf388aef57fae78a5c228c36	10FZ_A	10FZ	23	27	23	C	C	match
rmdbseq_fc41fbca6857bb5dbf388aef57fae78a5c228c36	10FZ_A	10FZ	24	28	24	U	U	match
rmdbseq_fc41fbca6857bb5dbf388aef57fae78a5c228c36	10FZ_A	10FZ	25	29	25	C	C	match
rmdbseq_fc41fbca6857bb5dbf388aef57fae78a5c228c36	10FZ_A	10FZ	26	30	26	A	A	match
rmdbseq_fc41fbca6857bb5dbf388aef57fae78a5c228c36	10FZ_A	10FZ	27	31	27	G	G	match
rmdbseq_fc41fbca6857bb5dbf388aef57fae78a5c228c36	10FZ_A	10FZ	28	32	28	A	A	match
rmdbseq_fc41fbca6857bb5dbf388aef57fae78a5c228c36	10FZ_A	10FZ	29	33	29	U	U	match
rmdbseq_fc41fbca6857bb5dbf388aef57fae78a5c228c36	10FZ_A	10FZ	30	34	30	U	U	match
rmdbseq_fc41fbca6857bb5dbf388aef57fae78a5c228c36	10FZ_A	10FZ	31	35	31	G	G	match
rmdbseq_fc41fbca6857bb5dbf388aef57fae78a5c228c36	10FZ_A	10FZ	32	36	32	A	A	match
rmdbseq_fc41fbca6857bb5dbf388aef57fae78a5c228c36	10FZ_A	10FZ	33	37	33	A	A	match
rmdbseq_fc41fbca6857bb5dbf388aef57fae78a5c228c36	10FZ_A	10FZ	34	38	34	C	C	match
rmdbseq_fc41fbca6857bb5dbf388aef57fae78a5c228c36	10FZ_A	10FZ	35	39	35	G	G	match
rmdbseq_fc41fbca6857bb5dbf388aef57fae78a5c228c36	10FZ_A	10FZ	36	40	36	C	C	match
rmdbseq_fc41fbca6857bb5dbf388aef57fae78a5c228c36	10FZ_A	10FZ	37	41	37	U	U	match
rmdbseq_fc41fbca6857bb5dbf388aef57fae78a5c228c36	10FZ_A	10FZ	38	42	38	G	G	match
rmdbseq_fc41fbca6857bb5dbf388aef57fae78a5c228c36	10FZ_A	10FZ	39	43	39	G	G	match
rmdbseq_fc41fbca6857bb5dbf388aef57fae78a5c228c36	10FZ_A	10FZ	40	44	40	C	C	match
rmdbseq_fc41fbca6857bb5dbf388aef57fae78a5c228c36	10FZ_A	10FZ	41	45	41	G	G	match
rmdbseq_fc41fbca6857bb5dbf388aef57fae78a5c228c36	10FZ_A	10FZ	42	46	42	G	G	match
rmdbseq_fc41fbca6857bb5dbf388aef57fae78a5c228c36	10FZ_A	10FZ	43	47	43	C	C	match
rmdbseq_fc41fbca6857bb5dbf388aef57fae78a5c228c36	10FZ_A	10FZ	44	48	44	A	A	match
rmdbseq_fc41fbca6857bb5dbf388aef57fae78a5c228c36	10FZ_A	10FZ	45	49	45	G	G	match
rmdbseq_fc41fbca6857bb5dbf388aef57fae78a5c228c36	10FZ_A	10FZ	46	50	46	G	G	match
rmdbseq_fc41fbca6857bb5dbf388aef57fae78a5c228c36	10FZ_A	10FZ	47	51	47	C	C	match
rmdbseq_fc41fbca6857bb5dbf388aef57fae78a5c228c36	10FZ_A	10FZ	48	52	48	C	C	match
rmdbseq_fc41fbca6857bb5dbf388aef57fae78a5c228c36	10FZ_A	10FZ	49	53	49	U	U	match
rmdbseq_fc41fbca6857bb5dbf388aef57fae78a5c228c36	10FZ_A	10FZ	50	54	50	A	A	match
rmdbseq_fc41fbca6857bb5dbf388aef57fae78a5c228c36	10FZ_A	10FZ	51	55	51	A	A	match
rmdbseq_fc41fbca6857bb5dbf388aef57fae78a5c228c36	10FZ_A	10FZ	52	56	52	C	C	match
rmdbseq_fc41fbca6857bb5dbf388aef57fae78a5c228c36	10FZ_A	10FZ	53	57	53	A	A	match
rmdbseq_fc41fbca6857bb5dbf388aef57fae78a5c228c36	10FZ_A	10FZ	54	58	54	C	C	match
rmdbseq_fc41fbca6857bb5dbf388aef57fae78a5c228c36	10FZ_A	10FZ	55	59	55	A	A	match
rmdbseq_fc41fbca6857bb5dbf388aef57fae78a5c228c36	10FZ_A	10FZ	56	60	56	U	U	match
rmdbseq_fc41fbca6857bb5dbf388aef57fae78a5c228c36	10FZ_A	10FZ	57	61	57	G	G	match
rmdbseq_fc41fbca6857bb5dbf388aef57fae78a5c228c36	10FZ_A	10FZ	58	62	58	C	C	match
rmdbseq_fc41fbca6857bb5dbf388aef57fae78a5c228c36	10FZ_A	10FZ	59	63	59	A	A	match
rmdbseq_fc41fbca6857bb5dbf388aef57fae78a5c228c36	10FZ_A	10FZ	60	64	60	A	A	match
rmdbseq_fc41fbca6857bb5dbf388aef57fae78a5c228c36	10FZ_A	10FZ	61	65	61	G	G	match
rmdbseq_fc41fbca6857bb5dbf388aef57fae78a5c228c36	10FZ_A	10FZ	62	66	62	U	U	match
rmdbseq_fc41fbca6857bb5dbf388aef57fae78a5c228c36	10FZ_A	10FZ	63	67	63	C	C	match
rmdbseq_fc41fbca6857bb5dbf388aef57fae78a5c228c36	10FZ_A	10FZ	64	68	64	G	G	match
rmdbseq_fc41fbca6857bb5dbf388aef57fae78a5c228c36	10FZ_A	10FZ	65	69	65	A	A	match
rmdbseq_fc41fbca6857bb5dbf388aef57fae78a5c228c36	10FZ_A	10FZ	66	70	66	A	A	match
rmdbseq_fc41fbca6857bb5dbf388aef57fae78a5c228c36	10FZ_A	10FZ	67	71	67	C	C	match
rmdbseq_fc41fbca6857bb5dbf388aef57fae78a5c228c36	10FZ_A	10FZ	68	72	68	G	G	match
rmdbseq_fc41fbca6857bb5dbf388aef57fae78a5c228c36	10FZ_A	10FZ	69	73	69	G	G	match
rmdbseq_fc41fbca6857bb5dbf388aef57fae78a5c228c36	10FZ_A	10FZ	70	74	70	U	U	match
rmdbseq_fc41fbca6857bb5dbf388aef57fae78a5c228c36	10FZ_A	10FZ	71	75	71	A	A	match
rmdbseq_fc41fbca6857bb5dbf388aef57fae78a5c228c36	10FZ_A	10FZ	72	76	72	A	A	match
rmdbseq_fc41fbca6857bb5dbf388aef57fae78a5c228c36	10FZ_A	10FZ	73	77	73	C	C	match
rmdbseq_fc41fbca6857bb5dbf388aef57fae78a5c228c36	10FZ_A	10FZ	74	78	74	A	A	match
rmdbseq_fc41fbca6857bb5dbf388aef57fae78a5c228c36	10FZ_A	10FZ	75	79	75	G	G	match
rmdbseq_fc41fbca6857bb5dbf388aef57fae78a5c228c36	10FZ_A	10FZ	76	80	76	G	G	match
rmdbseq_fc41fbca6857bb5dbf388aef57fae78a5c228c36	10FZ_A	10FZ	77	81	77	A	A	match
rmdbseq_fc41fbca6857bb5dbf388aef57fae78a5c228c36	10FZ_A	10FZ	78	82	78	A	A	match
rmdbseq_fc41fbca6857bb5dbf388aef57fae78a5c228c36	10FZ_A	10FZ	79	83	79	G	G	match
rmdbseq_fc41fbca6857bb5dbf388aef57fae78a5c228c36	10FZ_A	10FZ	80	84	80	A	A	match
rmdbseq_fc41fbca6857bb5dbf388aef57fae78a5c228c36	10FZ_A	10FZ	81	85	81	A	A	match
rmdbseq_fc41fbca6857bb5dbf388aef57fae78a5c228c36	10FZ_A	10FZ	82	86	82	G	G	match
rmdbseq_fc41fbca6857bb5dbf388aef57fae78a5c228c36	10FZ_A	10FZ	83	87	83	C	C	match
rmdbseq_fc41fbca6857bb5dbf388aef57fae78a5c228c36	10FZ_A	10FZ	84	88	84	U	U	match
rmdbseq_fc41fbca6857bb5dbf388aef57fae78a5c228c36	10FZ_A	10FZ	85	89	85	U	U	match
rmdbseq_fc41fbca6857bb5dbf388aef57fae78a5c228c36	10FZ_A	10FZ	86	90	86	G	G	match
rmdbseq_fc41fbca6857bb5dbf388aef57fae78a5c228c36	10FZ_A	10FZ	87	91	87	C	C	match
rmdbseq_ff07880e65c2bc296e185388d8e23196be3eda24	10FZ_A	10FZ	1	6	1	A	A	match
rmdbseq_ff07880e65c2bc296e185388d8e23196be3eda24	10FZ_A	10FZ	2	7	2	A	A	match
rmdbseq_ff07880e65c2bc296e185388d8e23196be3eda24	10FZ_A	10FZ	3	8	3	A	A	match
rmdbseq_ff07880e65c2bc296e185388d8e23196be3eda24	10FZ_A	10FZ	4	9	4	U	U	match
rmdbseq_ff07880e65c2bc296e185388d8e23196be3eda24	10FZ_A	10FZ	5	10	5	U	U	match
rmdbseq_ff07880e65c2bc296e185388d8e23196be3eda24	10FZ_A	10FZ	6	11	6	G	G	match
rmdbseq_ff07880e65c2bc296e185388d8e23196be3eda24	10FZ_A	10FZ	7	12	7	A	A	match
rmdbseq_ff07880e65c2bc296e185388d8e23196be3eda24	10FZ_A	10FZ	8	13	8	A	A	match
rmdbseq_ff07880e65c2bc296e185388d8e23196be3eda24	10FZ_A	10FZ	9	14	9	G	G	match
rmdbseq_ff07880e65c2bc296e185388d8e23196be3eda24	10FZ_A	10FZ	10	15	10	A	A	match
rmdbseq_ff07880e65c2bc296e185388d8e23196be3eda24	10FZ_A	10FZ	11	16	11	G	G	match
rmdbseq_ff07880e65c2bc296e185388d8e23196be3eda24	10FZ_A	10FZ	12	17	12	U	U	match
rmdbseq_ff07880e65c2bc296e185388d8e23196be3eda24	10FZ_A	10FZ	13	18	13	U	U	match
rmdbseq_ff07880e65c2bc296e185388d8e23196be3eda24	10FZ_A	10FZ	14	19	14	U	U	match
rmdbseq_ff07880e65c2bc296e185388d8e23196be3eda24	10FZ_A	10FZ	15	20	15	G	G	match
rmdbseq_ff07880e65c2bc296e185388d8e23196be3eda24	10FZ_A	10FZ	16	21	16	A	A	match
rmdbseq_ff07880e65c2bc296e185388d8e23196be3eda24	10FZ_A	10FZ	17	22	17	U	U	match
rmdbseq_ff07880e65c2bc296e185388d8e23196be3eda24	10FZ_A	10FZ	18	23	18	C	C	match
rmdbseq_ff07880e65c2bc296e185388d8e23196be3eda24	10FZ_A	10FZ	19	24	19	A	A	match
rmdbseq_ff07880e65c2bc296e185388d8e23196be3eda24	10FZ_A	10FZ	20	25	20	U	U	match
rmdbseq_ff07880e65c2bc296e185388d8e23196be3eda24	10FZ_A	10FZ	21	26	21	G	G	match
rmdbseq_ff07880e65c2bc296e185388d8e23196be3eda24	10FZ_A	10FZ	22	27	22	G	G	match
rmdbseq_ff07880e65c2bc296e185388d8e23196be3eda24	10FZ_A	10FZ	23	28	23	C	C	match
rmdbseq_ff07880e65c2bc296e185388d8e23196be3eda24	10FZ_A	10FZ	24	29	24	U	U	match
rmdbseq_ff07880e65c2bc296e185388d8e23196be3eda24	10FZ_A	10FZ	25	30	25	C	C	match
rmdbseq_ff07880e65c2bc296e185388d8e23196be3eda24	10FZ_A	10FZ	26	31	26	A	A	match
rmdbseq_ff07880e65c2bc296e185388d8e23196be3eda24	10FZ_A	10FZ	27	32	27	G	G	match
rmdbseq_ff07880e65c2bc296e185388d8e23196be3eda24	10FZ_A	10FZ	28	33	28	A	A	match
rmdbseq_ff07880e65c2bc296e185388d8e23196be3eda24	10FZ_A	10FZ	29	34	29	U	U	match
rmdbseq_ff07880e65c2bc296e185388d8e23196be3eda24	10FZ_A	10FZ	30	35	30	U	U	match
rmdbseq_ff07880e65c2bc296e185388d8e23196be3eda24	10FZ_A	10FZ	31	36	31	G	G	match
rmdbseq_ff07880e65c2bc296e185388d8e23196be3eda24	10FZ_A	10FZ	32	37	32	A	A	match
rmdbseq_ff07880e65c2bc296e185388d8e23196be3eda24	10FZ_A	10FZ	33	38	33	A	A	match
rmdbseq_ff07880e65c2bc296e185388d8e23196be3eda24	10FZ_A	10FZ	34	39	34	C	C	match
rmdbseq_ff07880e65c2bc296e185388d8e23196be3eda24	10FZ_A	10FZ	35	40	35	G	G	match
rmdbseq_ff07880e65c2bc296e185388d8e23196be3eda24	10FZ_A	10FZ	36	41	36	C	C	match
rmdbseq_ff07880e65c2bc296e185388d8e23196be3eda24	10FZ_A	10FZ	37	42	37	U	U	match
rmdbseq_ff07880e65c2bc296e185388d8e23196be3eda24	10FZ_A	10FZ	38	43	38	G	G	match
rmdbseq_ff07880e65c2bc296e185388d8e23196be3eda24	10FZ_A	10FZ	39	44	39	G	G	match
rmdbseq_ff07880e65c2bc296e185388d8e23196be3eda24	10FZ_A	10FZ	40	45	40	C	C	match
rmdbseq_ff07880e65c2bc296e185388d8e23196be3eda24	10FZ_A	10FZ	41	46	41	G	G	match
rmdbseq_ff07880e65c2bc296e185388d8e23196be3eda24	10FZ_A	10FZ	42	47	42	G	G	match
rmdbseq_ff07880e65c2bc296e185388d8e23196be3eda24	10FZ_A	10FZ	43	48	43	C	C	match
rmdbseq_ff07880e65c2bc296e185388d8e23196be3eda24	10FZ_A	10FZ	44	49	44	A	A	match
rmdbseq_ff07880e65c2bc296e185388d8e23196be3eda24	10FZ_A	10FZ	45	50	45	G	G	match
rmdbseq_ff07880e65c2bc296e185388d8e23196be3eda24	10FZ_A	10FZ	46	51	46	G	G	match
rmdbseq_ff07880e65c2bc296e185388d8e23196be3eda24	10FZ_A	10FZ	47	52	47	C	C	match
rmdbseq_ff07880e65c2bc296e185388d8e23196be3eda24	10FZ_A	10FZ	48	53	48	C	C	match
rmdbseq_ff07880e65c2bc296e185388d8e23196be3eda24	10FZ_A	10FZ	49	54	49	U	U	match
rmdbseq_ff07880e65c2bc296e185388d8e23196be3eda24	10FZ_A	10FZ	50	55	50	A	A	match
rmdbseq_ff07880e65c2bc296e185388d8e23196be3eda24	10FZ_A	10FZ	51	56	51	A	A	match
rmdbseq_ff07880e65c2bc296e185388d8e23196be3eda24	10FZ_A	10FZ	52	57	52	C	C	match
rmdbseq_ff07880e65c2bc296e185388d8e23196be3eda24	10FZ_A	10FZ	53	58	53	A	A	match
rmdbseq_ff07880e65c2bc296e185388d8e23196be3eda24	10FZ_A	10FZ	54	59	54	C	C	match
rmdbseq_ff07880e65c2bc296e185388d8e23196be3eda24	10FZ_A	10FZ	55	60	55	A	A	match
rmdbseq_ff07880e65c2bc296e185388d8e23196be3eda24	10FZ_A	10FZ	56	61	56	U	U	match
rmdbseq_ff07880e65c2bc296e185388d8e23196be3eda24	10FZ_A	10FZ	57	62	57	G	G	match
rmdbseq_ff07880e65c2bc296e185388d8e23196be3eda24	10FZ_A	10FZ	58	63	58	C	C	match
rmdbseq_ff07880e65c2bc296e185388d8e23196be3eda24	10FZ_A	10FZ	59	64	59	A	A	match
rmdbseq_ff07880e65c2bc296e185388d8e23196be3eda24	10FZ_A	10FZ	60	65	60	A	A	match
rmdbseq_ff07880e65c2bc296e185388d8e23196be3eda24	10FZ_A	10FZ	61	66	61	G	G	match
rmdbseq_ff07880e65c2bc296e185388d8e23196be3eda24	10FZ_A	10FZ	62	67	62	U	U	match
rmdbseq_ff07880e65c2bc296e185388d8e23196be3eda24	10FZ_A	10FZ	63	68	63	C	C	match
